timestamp,symbol,exchange,event_type,price,quantity
2026-08-03 23:28:07,SOLUSDT,BINANCE,TRADE,73.71,1.096
2026-08-03 23:28:07,BTCUSDT,BINANCE,TRADE,63892,0.0445
2026-08-03 23:28:08,ETHUSDT,BINANCE,TRADE,1868.65,0.1768
2026-08-03 23:28:08,BTCUSDT,BINANCE,TRADE,63892,0.08246
2026-08-03 23:28:09,ETHUSDT,BINANCE,TRADE,1868.66,0.1605
2026-08-03 23:28:09,BTCUSDT,BINANCE,TRADE,63892,0.00038
2026-08-03 23:28:09,BTCUSDT,BINANCE,TRADE,63892,0.00153
2026-08-03 23:28:10,ETHUSDT,BINANCE,TRADE,1868.66,0.0424
2026-08-03 23:28:10,BTCUSDT,BINANCE,TRADE,63892,0.00496
2026-08-03 23:28:10,ETHUSDT,BINANCE,TRADE,1868.65,0.0295
2026-08-03 23:28:10,BTCUSDT,BINANCE,TRADE,63892,0.00096
2026-08-03 23:28:12,BTCUSDT,BINANCE,TRADE,63892,0.00015
2026-08-03 23:28:13,BTCUSDT,BINANCE,TRADE,63892,0.00072
2026-08-03 23:28:13,BTCUSDT,BINANCE,TRADE,63892,0.00192
2026-08-03 23:28:14,ETHUSDT,BINANCE,TRADE,1868.66,0.1289
2026-08-03 23:28:14,SOLUSDT,BINANCE,TRADE,73.71,0.191
2026-08-03 23:28:15,BTCUSDT,BINANCE,TRADE,63892,8e-05
2026-08-03 23:28:16,BTCUSDT,BINANCE,TRADE,63892,0.00026
2026-08-03 23:28:16,ETHUSDT,BINANCE,TRADE,1868.65,0.0224
2026-08-03 23:28:17,BTCUSDT,BINANCE,TRADE,63892,8e-05
2026-08-03 23:28:17,BTCUSDT,BINANCE,TRADE,63892,2e-05
2026-08-03 23:28:17,BTCUSDT,BINANCE,TRADE,63892,6e-05
2026-08-03 23:28:17,BTCUSDT,BINANCE,TRADE,63892,8e-05
2026-08-03 23:28:17,BTCUSDT,BINANCE,TRADE,63892,8e-05
2026-08-03 23:28:17,BTCUSDT,BINANCE,TRADE,63892,8e-05
2026-08-03 23:28:17,BTCUSDT,BINANCE,TRADE,63892,0.00048
2026-08-03 23:28:17,BTCUSDT,BINANCE,TRADE,63892,9e-05
2026-08-03 23:28:17,BTCUSDT,BINANCE,TRADE,63892,0.007
2026-08-03 23:28:17,BTCUSDT,BINANCE,TRADE,63892,0.007
2026-08-03 23:28:17,BTCUSDT,BINANCE,TRADE,63892,0.00016
2026-08-03 23:28:17,BTCUSDT,BINANCE,TRADE,63892,0.0015
2026-08-03 23:28:17,BTCUSDT,BINANCE,TRADE,63892,8e-05
2026-08-03 23:28:17,BTCUSDT,BINANCE,TRADE,63892,8e-05
2026-08-03 23:28:17,BTCUSDT,BINANCE,TRADE,63892,8e-05
2026-08-03 23:28:17,BTCUSDT,BINANCE,TRADE,63892,8e-05
2026-08-03 23:28:17,BTCUSDT,BINANCE,TRADE,63892,9e-05
2026-08-03 23:28:17,BTCUSDT,BINANCE,TRADE,63892,9e-05
2026-08-03 23:28:17,BTCUSDT,BINANCE,TRADE,63892,9e-05
2026-08-03 23:28:17,BTCUSDT,BINANCE,TRADE,63892,9e-05
2026-08-03 23:28:17,BTCUSDT,BINANCE,TRADE,63892,9e-05
2026-08-03 23:28:17,BTCUSDT,BINANCE,TRADE,63892,9e-05
2026-08-03 23:28:17,BTCUSDT,BINANCE,TRADE,63892,9e-05
2026-08-03 23:28:17,BTCUSDT,BINANCE,TRADE,63892,9e-05
2026-08-03 23:28:17,BTCUSDT,BINANCE,TRADE,63892,0.0026
2026-08-03 23:28:17,BTCUSDT,BINANCE,TRADE,63892,8e-05
2026-08-03 23:28:17,BTCUSDT,BINANCE,TRADE,63892,8e-05
2026-08-03 23:28:17,BTCUSDT,BINANCE,TRADE,63892,9e-05
2026-08-03 23:28:17,BTCUSDT,BINANCE,TRADE,63892,8e-05
2026-08-03 23:28:17,BTCUSDT,BINANCE,TRADE,63892,9e-05
2026-08-03 23:28:17,BTCUSDT,BINANCE,TRADE,63892,9e-05
2026-08-03 23:28:17,BTCUSDT,BINANCE,TRADE,63892,9e-05
2026-08-03 23:28:17,BTCUSDT,BINANCE,TRADE,63892,9e-05
2026-08-03 23:28:17,BTCUSDT,BINANCE,TRADE,63892,9e-05
2026-08-03 23:28:17,BTCUSDT,BINANCE,TRADE,63892,0.00405
2026-08-03 23:28:17,BTCUSDT,BINANCE,TRADE,63892,0.01011
2026-08-03 23:28:17,BTCUSDT,BINANCE,TRADE,63892,0.01444
2026-08-03 23:28:17,BTCUSDT,BINANCE,TRADE,63892,0.01394
2026-08-03 23:28:17,BTCUSDT,BINANCE,TRADE,63892,8e-05
2026-08-03 23:28:17,BTCUSDT,BINANCE,TRADE,63892,8e-05
2026-08-03 23:28:17,BTCUSDT,BINANCE,TRADE,63892,8e-05
2026-08-03 23:28:17,BTCUSDT,BINANCE,TRADE,63892,8e-05
2026-08-03 23:28:17,BTCUSDT,BINANCE,TRADE,63892,8e-05
2026-08-03 23:28:17,BTCUSDT,BINANCE,TRADE,63892,8e-05
2026-08-03 23:28:17,BTCUSDT,BINANCE,TRADE,63892,9e-05
2026-08-03 23:28:17,BTCUSDT,BINANCE,TRADE,63892,9e-05
2026-08-03 23:28:17,BTCUSDT,BINANCE,TRADE,63892,9e-05
2026-08-03 23:28:17,BTCUSDT,BINANCE,TRADE,63892,9e-05
2026-08-03 23:28:17,BTCUSDT,BINANCE,TRADE,63892,9e-05
2026-08-03 23:28:17,BTCUSDT,BINANCE,TRADE,63892,9e-05
2026-08-03 23:28:17,BTCUSDT,BINANCE,TRADE,63892,9e-05
2026-08-03 23:28:17,BTCUSDT,BINANCE,TRADE,63892,9e-05
2026-08-03 23:28:17,BTCUSDT,BINANCE,TRADE,63892,9e-05
2026-08-03 23:28:17,BTCUSDT,BINANCE,TRADE,63892,8e-05
2026-08-03 23:28:17,BTCUSDT,BINANCE,TRADE,63892,8e-05
2026-08-03 23:28:17,BTCUSDT,BINANCE,TRADE,63892,8e-05
2026-08-03 23:28:17,BTCUSDT,BINANCE,TRADE,63892,8e-05
2026-08-03 23:28:17,BTCUSDT,BINANCE,TRADE,63892,8e-05
2026-08-03 23:28:17,BTCUSDT,BINANCE,TRADE,63892,8e-05
2026-08-03 23:28:17,BTCUSDT,BINANCE,TRADE,63892,8e-05
2026-08-03 23:28:17,BTCUSDT,BINANCE,TRADE,63892,8e-05
2026-08-03 23:28:17,BTCUSDT,BINANCE,TRADE,63892,8e-05
2026-08-03 23:28:17,BTCUSDT,BINANCE,TRADE,63892,8e-05
2026-08-03 23:28:17,BTCUSDT,BINANCE,TRADE,63892,8e-05
2026-08-03 23:28:17,BTCUSDT,BINANCE,TRADE,63892,8e-05
2026-08-03 23:28:17,BTCUSDT,BINANCE,TRADE,63892,8e-05
2026-08-03 23:28:17,BTCUSDT,BINANCE,TRADE,63892,8e-05
2026-08-03 23:28:17,BTCUSDT,BINANCE,TRADE,63892,8e-05
2026-08-03 23:28:17,BTCUSDT,BINANCE,TRADE,63892,8e-05
2026-08-03 23:28:17,BTCUSDT,BINANCE,TRADE,63892,3e-05
2026-08-03 23:28:17,BTCUSDT,BINANCE,TRADE,63892,5e-05
2026-08-03 23:28:17,BTCUSDT,BINANCE,TRADE,63892,8e-05
2026-08-03 23:28:17,BTCUSDT,BINANCE,TRADE,63892,9e-05
2026-08-03 23:28:17,BTCUSDT,BINANCE,TRADE,63892,9e-05
2026-08-03 23:28:17,BTCUSDT,BINANCE,TRADE,63892,8e-05
2026-08-03 23:28:17,BTCUSDT,BINANCE,TRADE,63892,9e-05
2026-08-03 23:28:17,BTCUSDT,BINANCE,TRADE,63892,9e-05
2026-08-03 23:28:17,BTCUSDT,BINANCE,TRADE,63892,9e-05
2026-08-03 23:28:17,BTCUSDT,BINANCE,TRADE,63892,9e-05
2026-08-03 23:28:17,BTCUSDT,BINANCE,TRADE,63892,9e-05
2026-08-03 23:28:17,BTCUSDT,BINANCE,TRADE,63892,0.00016
2026-08-03 23:28:17,BTCUSDT,BINANCE,TRADE,63892,9e-05
2026-08-03 23:28:17,BTCUSDT,BINANCE,TRADE,63892,9e-05
2026-08-03 23:28:17,BTCUSDT,BINANCE,TRADE,63892,8e-05
2026-08-03 23:28:17,BTCUSDT,BINANCE,TRADE,63892,8e-05
2026-08-03 23:28:17,BTCUSDT,BINANCE,TRADE,63892,9e-05
2026-08-03 23:28:17,BTCUSDT,BINANCE,TRADE,63892,9e-05
2026-08-03 23:28:17,BTCUSDT,BINANCE,TRADE,63892,9e-05
2026-08-03 23:28:17,BTCUSDT,BINANCE,TRADE,63892,9e-05
2026-08-03 23:28:17,BTCUSDT,BINANCE,TRADE,63892,9e-05
2026-08-03 23:28:17,BTCUSDT,BINANCE,TRADE,63892,9e-05
2026-08-03 23:28:17,BTCUSDT,BINANCE,TRADE,63892,9e-05
2026-08-03 23:28:17,BTCUSDT,BINANCE,TRADE,63892,0.00016
2026-08-03 23:28:17,BTCUSDT,BINANCE,TRADE,63892,9e-05
2026-08-03 23:28:17,BTCUSDT,BINANCE,TRADE,63892,9e-05
2026-08-03 23:28:17,BTCUSDT,BINANCE,TRADE,63892,8e-05
2026-08-03 23:28:17,BTCUSDT,BINANCE,TRADE,63892,8e-05
2026-08-03 23:28:17,BTCUSDT,BINANCE,TRADE,63892,8e-05
2026-08-03 23:28:17,BTCUSDT,BINANCE,TRADE,63892,8e-05
2026-08-03 23:28:17,BTCUSDT,BINANCE,TRADE,63892,0.00016
2026-08-03 23:28:17,BTCUSDT,BINANCE,TRADE,63892,8e-05
2026-08-03 23:28:17,BTCUSDT,BINANCE,TRADE,63892,9e-05
2026-08-03 23:28:17,BTCUSDT,BINANCE,TRADE,63892,8e-05
2026-08-03 23:28:17,BTCUSDT,BINANCE,TRADE,63892,8e-05
2026-08-03 23:28:17,BTCUSDT,BINANCE,TRADE,63892,9e-05
2026-08-03 23:28:17,BTCUSDT,BINANCE,TRADE,63892,9e-05
2026-08-03 23:28:17,BTCUSDT,BINANCE,TRADE,63892,8e-05
2026-08-03 23:28:17,BTCUSDT,BINANCE,TRADE,63892,8e-05
2026-08-03 23:28:17,BTCUSDT,BINANCE,TRADE,63892,9e-05
2026-08-03 23:28:17,BTCUSDT,BINANCE,TRADE,63892,9e-05
2026-08-03 23:28:17,BTCUSDT,BINANCE,TRADE,63892.5,9e-05
2026-08-03 23:28:17,BTCUSDT,BINANCE,TRADE,63892.6,9e-05
2026-08-03 23:28:17,BTCUSDT,BINANCE,TRADE,63892.6,9e-05
2026-08-03 23:28:17,BTCUSDT,BINANCE,TRADE,63892.6,9e-05
2026-08-03 23:28:17,BTCUSDT,BINANCE,TRADE,63892.6,9e-05
2026-08-03 23:28:17,BTCUSDT,BINANCE,TRADE,63894,9e-05
2026-08-03 23:28:17,BTCUSDT,BINANCE,TRADE,63894,9e-05
2026-08-03 23:28:17,BTCUSDT,BINANCE,TRADE,63894,9e-05
2026-08-03 23:28:17,BTCUSDT,BINANCE,TRADE,63894,0.008
2026-08-03 23:28:17,BTCUSDT,BINANCE,TRADE,63894,0.006
2026-08-03 23:28:17,BTCUSDT,BINANCE,TRADE,63894,0.002
2026-08-03 23:28:17,BTCUSDT,BINANCE,TRADE,63894,0.005
2026-08-03 23:28:17,BTCUSDT,BINANCE,TRADE,63894,9e-05
2026-08-03 23:28:17,BTCUSDT,BINANCE,TRADE,63894,9e-05
2026-08-03 23:28:17,BTCUSDT,BINANCE,TRADE,63894,8e-05
2026-08-03 23:28:17,BTCUSDT,BINANCE,TRADE,63894,8e-05
2026-08-03 23:28:17,BTCUSDT,BINANCE,TRADE,63894,8e-05
2026-08-03 23:28:17,BTCUSDT,BINANCE,TRADE,63894,9e-05
2026-08-03 23:28:17,BTCUSDT,BINANCE,TRADE,63894,9e-05
2026-08-03 23:28:17,BTCUSDT,BINANCE,TRADE,63894,8e-05
2026-08-03 23:28:17,BTCUSDT,BINANCE,TRADE,63894,9e-05
2026-08-03 23:28:17,BTCUSDT,BINANCE,TRADE,63894,9e-05
2026-08-03 23:28:17,BTCUSDT,BINANCE,TRADE,63894,9e-05
2026-08-03 23:28:17,BTCUSDT,BINANCE,TRADE,63894,9e-05
2026-08-03 23:28:17,BTCUSDT,BINANCE,TRADE,63894,9e-05
2026-08-03 23:28:17,BTCUSDT,BINANCE,TRADE,63894,9e-05
2026-08-03 23:28:17,BTCUSDT,BINANCE,TRADE,63894,9e-05
2026-08-03 23:28:17,BTCUSDT,BINANCE,TRADE,63894,8e-05
2026-08-03 23:28:17,BTCUSDT,BINANCE,TRADE,63894,8e-05
2026-08-03 23:28:17,BTCUSDT,BINANCE,TRADE,63894,8e-05
2026-08-03 23:28:17,BTCUSDT,BINANCE,TRADE,63894,8e-05
2026-08-03 23:28:17,BTCUSDT,BINANCE,TRADE,63894,9e-05
2026-08-03 23:28:17,BTCUSDT,BINANCE,TRADE,63894,9e-05
2026-08-03 23:28:17,BTCUSDT,BINANCE,TRADE,63894,9e-05
2026-08-03 23:28:17,BTCUSDT,BINANCE,TRADE,63894,9e-05
2026-08-03 23:28:17,BTCUSDT,BINANCE,TRADE,63894,9e-05
2026-08-03 23:28:17,BTCUSDT,BINANCE,TRADE,63894,9e-05
2026-08-03 23:28:17,BTCUSDT,BINANCE,TRADE,63894,9e-05
2026-08-03 23:28:17,BTCUSDT,BINANCE,TRADE,63894,9e-05
2026-08-03 23:28:17,BTCUSDT,BINANCE,TRADE,63894.3,8e-05
2026-08-03 23:28:17,BTCUSDT,BINANCE,TRADE,63894.6,8e-05
2026-08-03 23:28:17,BTCUSDT,BINANCE,TRADE,63894.9,0.0067
2026-08-03 23:28:17,BTCUSDT,BINANCE,TRADE,63894.9,9e-05
2026-08-03 23:28:17,BTCUSDT,BINANCE,TRADE,63894.9,9e-05
2026-08-03 23:28:17,BTCUSDT,BINANCE,TRADE,63895,0.0025
2026-08-03 23:28:17,BTCUSDT,BINANCE,TRADE,63895.7,9e-05
2026-08-03 23:28:17,BTCUSDT,BINANCE,TRADE,63896,9e-05
2026-08-03 23:28:17,BTCUSDT,BINANCE,TRADE,63896,9e-05
2026-08-03 23:28:17,BTCUSDT,BINANCE,TRADE,63896,9e-05
2026-08-03 23:28:17,BTCUSDT,BINANCE,TRADE,63896,0.008
2026-08-03 23:28:17,BTCUSDT,BINANCE,TRADE,63896,0.006
2026-08-03 23:28:17,BTCUSDT,BINANCE,TRADE,63896,0.002
2026-08-03 23:28:17,BTCUSDT,BINANCE,TRADE,63896,0.005
2026-08-03 23:28:17,BTCUSDT,BINANCE,TRADE,63896,9e-05
2026-08-03 23:28:17,BTCUSDT,BINANCE,TRADE,63896,9e-05
2026-08-03 23:28:17,BTCUSDT,BINANCE,TRADE,63896.2,8e-05
2026-08-03 23:28:17,BTCUSDT,BINANCE,TRADE,63896.2,9e-05
2026-08-03 23:28:17,BTCUSDT,BINANCE,TRADE,63896.2,9e-05
2026-08-03 23:28:17,BTCUSDT,BINANCE,TRADE,63896.2,8e-05
2026-08-03 23:28:17,BTCUSDT,BINANCE,TRADE,63896.4,0.00024
2026-08-03 23:28:17,BTCUSDT,BINANCE,TRADE,63897.6,8e-05
2026-08-03 23:28:17,BTCUSDT,BINANCE,TRADE,63897.6,8e-05
2026-08-03 23:28:17,BTCUSDT,BINANCE,TRADE,63897.6,9e-05
2026-08-03 23:28:17,BTCUSDT,BINANCE,TRADE,63897.8,8e-05
2026-08-03 23:28:17,BTCUSDT,BINANCE,TRADE,63897.9,8e-05
2026-08-03 23:28:17,BTCUSDT,BINANCE,TRADE,63898,9e-05
2026-08-03 23:28:17,BTCUSDT,BINANCE,TRADE,63898,9e-05
2026-08-03 23:28:17,BTCUSDT,BINANCE,TRADE,63898,9e-05
2026-08-03 23:28:17,BTCUSDT,BINANCE,TRADE,63898,0.008
2026-08-03 23:28:17,BTCUSDT,BINANCE,TRADE,63898,0.006
2026-08-03 23:28:17,BTCUSDT,BINANCE,TRADE,63898,0.002
2026-08-03 23:28:17,BTCUSDT,BINANCE,TRADE,63898,0.005
2026-08-03 23:28:17,BTCUSDT,BINANCE,TRADE,63898,9e-05
2026-08-03 23:28:17,BTCUSDT,BINANCE,TRADE,63898,9e-05
2026-08-03 23:28:17,BTCUSDT,BINANCE,TRADE,63898.3,8e-05
2026-08-03 23:28:17,BTCUSDT,BINANCE,TRADE,63898.3,9e-05
2026-08-03 23:28:17,BTCUSDT,BINANCE,TRADE,63898.3,9e-05
2026-08-03 23:28:17,BTCUSDT,BINANCE,TRADE,63898.3,8e-05
2026-08-03 23:28:17,BTCUSDT,BINANCE,TRADE,63898.3,9e-05
2026-08-03 23:28:17,BTCUSDT,BINANCE,TRADE,63898.3,8e-05
2026-08-03 23:28:17,BTCUSDT,BINANCE,TRADE,63898.3,8e-05
2026-08-03 23:28:17,BTCUSDT,BINANCE,TRADE,63898.3,9e-05
2026-08-03 23:28:17,BTCUSDT,BINANCE,TRADE,63898.3,9e-05
2026-08-03 23:28:17,BTCUSDT,BINANCE,TRADE,63898.3,0.01531
2026-08-03 23:28:17,BTCUSDT,BINANCE,TRADE,63898.3,0.00015
2026-08-03 23:28:17,BTCUSDT,BINANCE,TRADE,63898.3,0.00015
2026-08-03 23:28:17,BTCUSDT,BINANCE,TRADE,63898.3,0.00019
2026-08-03 23:28:17,BTCUSDT,BINANCE,TRADE,63898.3,0.00016
2026-08-03 23:28:18,BTCUSDT,BINANCE,TRADE,63898.3,0.00016
2026-08-03 23:28:18,BTCUSDT,BINANCE,TRADE,63898.3,0.00522
2026-08-03 23:28:18,BTCUSDT,BINANCE,TRADE,63898.3,0.00033
2026-08-03 23:28:18,BTCUSDT,BINANCE,TRADE,63898.3,0.00157
2026-08-03 23:28:18,BTCUSDT,BINANCE,TRADE,63898.3,9e-05
2026-08-03 23:28:18,BTCUSDT,BINANCE,TRADE,63898.3,7e-05
2026-08-03 23:28:18,BTCUSDT,BINANCE,TRADE,63898.3,2e-05
2026-08-03 23:28:18,BTCUSDT,BINANCE,TRADE,63898.3,0.0025
2026-08-03 23:28:18,BTCUSDT,BINANCE,TRADE,63898.3,9e-05
2026-08-03 23:28:18,BTCUSDT,BINANCE,TRADE,63898.3,9e-05
2026-08-03 23:28:18,BTCUSDT,BINANCE,TRADE,63898.3,0.002
2026-08-03 23:28:18,BTCUSDT,BINANCE,TRADE,63898.3,0.00157
2026-08-03 23:28:18,SOLUSDT,BINANCE,TRADE,73.7,27.769
2026-08-03 23:28:18,SOLUSDT,BINANCE,TRADE,73.7,0.068
2026-08-03 23:28:18,SOLUSDT,BINANCE,TRADE,73.7,0.278
2026-08-03 23:28:18,SOLUSDT,BINANCE,TRADE,73.7,0.073
2026-08-03 23:28:18,SOLUSDT,BINANCE,TRADE,73.7,0.073
2026-08-03 23:28:18,SOLUSDT,BINANCE,TRADE,73.7,0.073
2026-08-03 23:28:18,SOLUSDT,BINANCE,TRADE,73.7,0.073
2026-08-03 23:28:18,SOLUSDT,BINANCE,TRADE,73.7,0.073
2026-08-03 23:28:18,SOLUSDT,BINANCE,TRADE,73.7,0.073
2026-08-03 23:28:18,SOLUSDT,BINANCE,TRADE,73.7,0.073
2026-08-03 23:28:18,SOLUSDT,BINANCE,TRADE,73.7,0.073
2026-08-03 23:28:18,SOLUSDT,BINANCE,TRADE,73.7,0.136
2026-08-03 23:28:18,SOLUSDT,BINANCE,TRADE,73.7,0.26
2026-08-03 23:28:18,SOLUSDT,BINANCE,TRADE,73.7,0.072
2026-08-03 23:28:18,SOLUSDT,BINANCE,TRADE,73.7,120.992
2026-08-03 23:28:18,SOLUSDT,BINANCE,TRADE,73.7,182.038
2026-08-03 23:28:18,SOLUSDT,BINANCE,TRADE,73.7,1.465
2026-08-03 23:28:18,SOLUSDT,BINANCE,TRADE,73.7,6.919
2026-08-03 23:28:18,SOLUSDT,BINANCE,TRADE,73.7,0.073
2026-08-03 23:28:18,SOLUSDT,BINANCE,TRADE,73.7,0.073
2026-08-03 23:28:18,SOLUSDT,BINANCE,TRADE,73.7,0.068
2026-08-03 23:28:18,SOLUSDT,BINANCE,TRADE,73.7,0.072
2026-08-03 23:28:18,SOLUSDT,BINANCE,TRADE,73.7,0.072
2026-08-03 23:28:18,SOLUSDT,BINANCE,TRADE,73.7,0.073
2026-08-03 23:28:18,SOLUSDT,BINANCE,TRADE,73.7,0.073
2026-08-03 23:28:18,SOLUSDT,BINANCE,TRADE,73.7,0.136
2026-08-03 23:28:18,SOLUSDT,BINANCE,TRADE,73.7,0.073
2026-08-03 23:28:18,SOLUSDT,BINANCE,TRADE,73.7,0.073
2026-08-03 23:28:18,SOLUSDT,BINANCE,TRADE,73.7,0.073
2026-08-03 23:28:18,SOLUSDT,BINANCE,TRADE,73.7,0.073
2026-08-03 23:28:18,SOLUSDT,BINANCE,TRADE,73.7,243.14
2026-08-03 23:28:18,SOLUSDT,BINANCE,TRADE,73.7,8.78
2026-08-03 23:28:18,SOLUSDT,BINANCE,TRADE,73.7,0.072
2026-08-03 23:28:18,SOLUSDT,BINANCE,TRADE,73.69,2.125
2026-08-03 23:28:18,SOLUSDT,BINANCE,TRADE,73.69,0.278
2026-08-03 23:28:18,SOLUSDT,BINANCE,TRADE,73.69,303.03
2026-08-03 23:28:18,SOLUSDT,BINANCE,TRADE,73.69,0.136
2026-08-03 23:28:18,SOLUSDT,BINANCE,TRADE,73.69,10.18
2026-08-03 23:28:18,SOLUSDT,BINANCE,TRADE,73.69,0.073
2026-08-03 23:28:18,SOLUSDT,BINANCE,TRADE,73.69,0.068
2026-08-03 23:28:18,SOLUSDT,BINANCE,TRADE,73.69,0.073
2026-08-03 23:28:18,SOLUSDT,BINANCE,TRADE,73.69,0.408
2026-08-03 23:28:18,SOLUSDT,BINANCE,TRADE,73.69,0.149
2026-08-03 23:28:18,SOLUSDT,BINANCE,TRADE,73.69,2
2026-08-03 23:28:18,SOLUSDT,BINANCE,TRADE,73.69,0.069
2026-08-03 23:28:18,SOLUSDT,BINANCE,TRADE,73.69,0.07
2026-08-03 23:28:18,SOLUSDT,BINANCE,TRADE,73.69,0.068
2026-08-03 23:28:18,SOLUSDT,BINANCE,TRADE,73.69,0.069
2026-08-03 23:28:18,SOLUSDT,BINANCE,TRADE,73.69,0.102
2026-08-03 23:28:18,BTCUSDT,BINANCE,TRADE,63898.3,0.0003
2026-08-03 23:28:18,SOLUSDT,BINANCE,TRADE,73.68,3.482
2026-08-03 23:28:18,SOLUSDT,BINANCE,TRADE,73.68,1.353
2026-08-03 23:28:18,BTCUSDT,BINANCE,TRADE,63898.3,0.00157
2026-08-03 23:28:18,ETHUSDT,BINANCE,TRADE,1868.65,1
2026-08-03 23:28:18,BTCUSDT,BINANCE,TRADE,63898.3,0.02925
2026-08-03 23:28:18,BTCUSDT,BINANCE,TRADE,63898.3,0.0001
2026-08-03 23:28:19,BTCUSDT,BINANCE,TRADE,63898.3,0.00035
2026-08-03 23:28:19,ETHUSDT,BINANCE,TRADE,1868.65,0.003
2026-08-03 23:28:19,BTCUSDT,BINANCE,TRADE,63898.3,0.00016
2026-08-03 23:28:19,BTCUSDT,BINANCE,TRADE,63898.3,0.00032
2026-08-03 23:28:19,BTCUSDT,BINANCE,TRADE,63898.3,0.00019
2026-08-03 23:28:20,BTCUSDT,BINANCE,TRADE,63898.3,0.00016
2026-08-03 23:28:20,BTCUSDT,BINANCE,TRADE,63898.3,0.00032
2026-08-03 23:28:20,BTCUSDT,BINANCE,TRADE,63898.3,0.00016
2026-08-03 23:28:20,BTCUSDT,BINANCE,TRADE,63898.3,0.00157
2026-08-03 23:28:20,BTCUSDT,BINANCE,TRADE,63898.3,0.00022
2026-08-03 23:28:20,BTCUSDT,BINANCE,TRADE,63898.3,0.00024
2026-08-03 23:28:20,BTCUSDT,BINANCE,TRADE,63898.3,0.00062
2026-08-03 23:28:21,BTCUSDT,BINANCE,TRADE,63898.3,0.00079
2026-08-03 23:28:21,SOLUSDT,BINANCE,TRADE,73.69,0.278
2026-08-03 23:28:21,SOLUSDT,BINANCE,TRADE,73.69,0.068
2026-08-03 23:28:21,SOLUSDT,BINANCE,TRADE,73.69,0.073
2026-08-03 23:28:21,SOLUSDT,BINANCE,TRADE,73.69,0.073
2026-08-03 23:28:21,SOLUSDT,BINANCE,TRADE,73.69,0.073
2026-08-03 23:28:21,SOLUSDT,BINANCE,TRADE,73.69,0.073
2026-08-03 23:28:21,SOLUSDT,BINANCE,TRADE,73.69,4.186
2026-08-03 23:28:21,BTCUSDT,BINANCE,TRADE,63898.3,0.00235
2026-08-03 23:28:21,BTCUSDT,BINANCE,TRADE,63898.3,0.00013
2026-08-03 23:28:21,BTCUSDT,BINANCE,TRADE,63898.3,0.00157
2026-08-03 23:28:21,BTCUSDT,BINANCE,TRADE,63898.3,0.00013
2026-08-03 23:28:21,BTCUSDT,BINANCE,TRADE,63898.3,0.00055
2026-08-03 23:28:22,SOLUSDT,BINANCE,TRADE,73.69,0.196
2026-08-03 23:28:22,BTCUSDT,BINANCE,TRADE,63898.3,0.0004
2026-08-03 23:28:22,BTCUSDT,BINANCE,TRADE,63898.3,0.00016
2026-08-03 23:28:22,BTCUSDT,BINANCE,TRADE,63898.3,0.00019
2026-08-03 23:28:22,BTCUSDT,BINANCE,TRADE,63898.3,0.00014
2026-08-03 23:28:22,BTCUSDT,BINANCE,TRADE,63898.3,0.00032
2026-08-03 23:28:22,BTCUSDT,BINANCE,TRADE,63898.3,0.00141
2026-08-03 23:28:22,SOLUSDT,BINANCE,TRADE,73.69,1.3
2026-08-03 23:28:22,BTCUSDT,BINANCE,TRADE,63898.3,0.00157
2026-08-03 23:28:22,BTCUSDT,BINANCE,TRADE,63898.3,0.00032
2026-08-03 23:28:22,ETHUSDT,BINANCE,TRADE,1868.66,0.5352
2026-08-03 23:28:22,BTCUSDT,BINANCE,TRADE,63898.3,0.00047
2026-08-03 23:28:22,ETHUSDT,BINANCE,TRADE,1868.66,0.0268
2026-08-03 23:28:22,BTCUSDT,BINANCE,TRADE,63898.3,0.00782
2026-08-03 23:28:23,SOLUSDT,BINANCE,TRADE,73.69,3.098
2026-08-03 23:28:23,SOLUSDT,BINANCE,TRADE,73.69,0.072
2026-08-03 23:28:23,SOLUSDT,BINANCE,TRADE,73.69,0.136
2026-08-03 23:28:23,SOLUSDT,BINANCE,TRADE,73.69,0.072
2026-08-03 23:28:23,SOLUSDT,BINANCE,TRADE,73.69,0.612
2026-08-03 23:28:23,BTCUSDT,BINANCE,TRADE,63898.3,0.00157
2026-08-03 23:28:23,ETHUSDT,BINANCE,TRADE,1868.66,0.0054
2026-08-03 23:28:23,SOLUSDT,BINANCE,TRADE,73.69,0.178
2026-08-03 23:28:23,SOLUSDT,BINANCE,TRADE,73.69,1.834
2026-08-03 23:28:24,BTCUSDT,BINANCE,TRADE,63898.3,0.00072
2026-08-03 23:28:25,BTCUSDT,BINANCE,TRADE,63898.3,0.00101
2026-08-03 23:28:25,BTCUSDT,BINANCE,TRADE,63898.3,0.0002
2026-08-03 23:28:25,BTCUSDT,BINANCE,TRADE,63898.3,0.00025
2026-08-03 23:28:25,SOLUSDT,BINANCE,TRADE,73.68,2.661
2026-08-03 23:28:25,BTCUSDT,BINANCE,TRADE,63898.3,0.00042
2026-08-03 23:28:25,SOLUSDT,BINANCE,TRADE,73.69,0.3
2026-08-03 23:28:25,BTCUSDT,BINANCE,TRADE,63898.3,0.00078
2026-08-03 23:28:26,SOLUSDT,BINANCE,TRADE,73.69,1.93
2026-08-03 23:28:26,SOLUSDT,BINANCE,TRADE,73.69,0.43
2026-08-03 23:28:26,ETHUSDT,BINANCE,TRADE,1868.65,0.0027
2026-08-03 23:28:26,ETHUSDT,BINANCE,TRADE,1868.65,0.0011
2026-08-03 23:28:27,ETHUSDT,BINANCE,TRADE,1868.66,0.2538
2026-08-03 23:28:27,ETHUSDT,BINANCE,TRADE,1868.66,0.0244
2026-08-03 23:28:27,SOLUSDT,BINANCE,TRADE,73.69,0.234
2026-08-03 23:28:27,ETHUSDT,BINANCE,TRADE,1868.65,0.0017
2026-08-03 23:28:27,ETHUSDT,BINANCE,TRADE,1868.65,0.0027
2026-08-03 23:28:27,ETHUSDT,BINANCE,TRADE,1868.65,0.0054
2026-08-03 23:28:27,ETHUSDT,BINANCE,TRADE,1868.65,0.0027
2026-08-03 23:28:27,ETHUSDT,BINANCE,TRADE,1868.65,0.0027
2026-08-03 23:28:27,ETHUSDT,BINANCE,TRADE,1868.65,0.0028
2026-08-03 23:28:27,ETHUSDT,BINANCE,TRADE,1868.65,0.0891
2026-08-03 23:28:27,ETHUSDT,BINANCE,TRADE,1868.65,0.23
2026-08-03 23:28:28,SOLUSDT,BINANCE,TRADE,73.68,0.457
2026-08-03 23:28:30,SOLUSDT,BINANCE,TRADE,73.68,1.074
2026-08-03 23:28:30,BTCUSDT,BINANCE,TRADE,63898.3,0.04695
2026-08-03 23:28:30,SOLUSDT,BINANCE,TRADE,73.69,56.596
2026-08-03 23:28:30,SOLUSDT,BINANCE,TRADE,73.69,0.511
2026-08-03 23:28:32,ETHUSDT,BINANCE,TRADE,1868.65,0.2669
2026-08-03 23:28:32,ETHUSDT,BINANCE,TRADE,1868.65,0.4492
2026-08-03 23:28:32,ETHUSDT,BINANCE,TRADE,1868.65,0.5085
2026-08-03 23:28:32,ETHUSDT,BINANCE,TRADE,1868.65,0.0028
2026-08-03 23:28:32,ETHUSDT,BINANCE,TRADE,1868.65,0.0242
2026-08-03 23:28:32,BTCUSDT,BINANCE,TRADE,63898.3,0.00256
2026-08-03 23:28:32,BTCUSDT,BINANCE,TRADE,63898.3,0.15969
2026-08-03 23:28:32,SOLUSDT,BINANCE,TRADE,73.68,0.231
2026-08-03 23:28:34,ETHUSDT,BINANCE,TRADE,1868.65,0.0508
2026-08-03 23:28:34,ETHUSDT,BINANCE,TRADE,1868.65,0.3864
2026-08-03 23:28:34,SOLUSDT,BINANCE,TRADE,73.68,1.431
2026-08-03 23:28:35,SOLUSDT,BINANCE,TRADE,73.69,2.962
2026-08-03 23:28:35,SOLUSDT,BINANCE,TRADE,73.69,0.136
2026-08-03 23:28:36,SOLUSDT,BINANCE,TRADE,73.68,0.136
2026-08-03 23:28:36,BTCUSDT,BINANCE,TRADE,63898.3,0.25667
2026-08-03 23:28:36,BTCUSDT,BINANCE,TRADE,63898.3,0.3863
2026-08-03 23:28:36,BTCUSDT,BINANCE,TRADE,63898.3,8e-05
2026-08-03 23:28:36,BTCUSDT,BINANCE,TRADE,63898.3,8e-05
2026-08-03 23:28:36,BTCUSDT,BINANCE,TRADE,63898.3,9e-05
2026-08-03 23:28:36,BTCUSDT,BINANCE,TRADE,63898.3,8e-05
2026-08-03 23:28:36,BTCUSDT,BINANCE,TRADE,63898.3,0.00047
2026-08-03 23:28:36,BTCUSDT,BINANCE,TRADE,63898.3,0.0007
2026-08-03 23:28:36,BTCUSDT,BINANCE,TRADE,63898.3,8e-05
2026-08-03 23:28:36,BTCUSDT,BINANCE,TRADE,63898.3,0.03871
2026-08-03 23:28:36,BTCUSDT,BINANCE,TRADE,63898.3,9e-05
2026-08-03 23:28:36,BTCUSDT,BINANCE,TRADE,63898.3,9e-05
2026-08-03 23:28:36,BTCUSDT,BINANCE,TRADE,63898.3,0.24802
2026-08-03 23:28:36,BTCUSDT,BINANCE,TRADE,63898.3,0.007
2026-08-03 23:28:36,BTCUSDT,BINANCE,TRADE,63898.3,0.007
2026-08-03 23:28:36,BTCUSDT,BINANCE,TRADE,63898.3,0.389
2026-08-03 23:28:36,BTCUSDT,BINANCE,TRADE,63898.3,0.00191
2026-08-03 23:28:36,BTCUSDT,BINANCE,TRADE,63898.3,0.0025
2026-08-03 23:28:36,BTCUSDT,BINANCE,TRADE,63898.3,0.00144
2026-08-03 23:28:36,BTCUSDT,BINANCE,TRADE,63898.3,0.55927
2026-08-03 23:28:36,BTCUSDT,BINANCE,TRADE,63898.3,8e-05
2026-08-03 23:28:36,BTCUSDT,BINANCE,TRADE,63898.3,8e-05
2026-08-03 23:28:36,BTCUSDT,BINANCE,TRADE,63898.3,0.00188
2026-08-03 23:28:36,BTCUSDT,BINANCE,TRADE,63898.3,0.00147
2026-08-03 23:28:36,BTCUSDT,BINANCE,TRADE,63898.3,8e-05
2026-08-03 23:28:36,BTCUSDT,BINANCE,TRADE,63898.3,8e-05
2026-08-03 23:28:36,BTCUSDT,BINANCE,TRADE,63898.3,0.02912
2026-08-03 23:28:36,BTCUSDT,BINANCE,TRADE,63898.3,0.02
2026-08-03 23:28:36,BTCUSDT,BINANCE,TRADE,63898.3,0.00016
2026-08-03 23:28:36,BTCUSDT,BINANCE,TRADE,63898.3,8e-05
2026-08-03 23:28:36,BTCUSDT,BINANCE,TRADE,63898.3,8e-05
2026-08-03 23:28:36,BTCUSDT,BINANCE,TRADE,63898.3,0.00027
2026-08-03 23:28:36,BTCUSDT,BINANCE,TRADE,63898.3,0.1258
2026-08-03 23:28:36,BTCUSDT,BINANCE,TRADE,63898.3,8e-05
2026-08-03 23:28:36,BTCUSDT,BINANCE,TRADE,63898.3,0.0015
2026-08-03 23:28:36,BTCUSDT,BINANCE,TRADE,63898.3,9e-05
2026-08-03 23:28:36,BTCUSDT,BINANCE,TRADE,63898.3,9e-05
2026-08-03 23:28:36,BTCUSDT,BINANCE,TRADE,63898.3,0.0003
2026-08-03 23:28:36,BTCUSDT,BINANCE,TRADE,63898.3,9e-05
2026-08-03 23:28:36,BTCUSDT,BINANCE,TRADE,63898.3,9e-05
2026-08-03 23:28:36,BTCUSDT,BINANCE,TRADE,63898.3,9e-05
2026-08-03 23:28:36,BTCUSDT,BINANCE,TRADE,63898.3,0.00113
2026-08-03 23:28:36,BTCUSDT,BINANCE,TRADE,63898.3,0.00024
2026-08-03 23:28:36,BTCUSDT,BINANCE,TRADE,63898.3,0.00022
2026-08-03 23:28:36,BTCUSDT,BINANCE,TRADE,63898.3,9e-05
2026-08-03 23:28:36,BTCUSDT,BINANCE,TRADE,63898.3,9e-05
2026-08-03 23:28:36,BTCUSDT,BINANCE,TRADE,63898.3,9e-05
2026-08-03 23:28:36,BTCUSDT,BINANCE,TRADE,63898.3,9e-05
2026-08-03 23:28:36,BTCUSDT,BINANCE,TRADE,63898.3,9e-05
2026-08-03 23:28:36,BTCUSDT,BINANCE,TRADE,63898.3,0.07362
2026-08-03 23:28:36,BTCUSDT,BINANCE,TRADE,63898.3,0.00048
2026-08-03 23:28:36,BTCUSDT,BINANCE,TRADE,63898.3,9e-05
2026-08-03 23:28:36,BTCUSDT,BINANCE,TRADE,63898.3,0.04015
2026-08-03 23:28:36,BTCUSDT,BINANCE,TRADE,63898.3,0.00048
2026-08-03 23:28:36,BTCUSDT,BINANCE,TRADE,63898.3,8e-05
2026-08-03 23:28:36,BTCUSDT,BINANCE,TRADE,63898.3,8e-05
2026-08-03 23:28:36,BTCUSDT,BINANCE,TRADE,63898.3,8e-05
2026-08-03 23:28:36,BTCUSDT,BINANCE,TRADE,63898.3,8e-05
2026-08-03 23:28:36,BTCUSDT,BINANCE,TRADE,63898.3,8e-05
2026-08-03 23:28:36,BTCUSDT,BINANCE,TRADE,63898.3,8e-05
2026-08-03 23:28:36,BTCUSDT,BINANCE,TRADE,63898.3,8e-05
2026-08-03 23:28:36,BTCUSDT,BINANCE,TRADE,63898.3,8e-05
2026-08-03 23:28:36,BTCUSDT,BINANCE,TRADE,63898.3,8e-05
2026-08-03 23:28:36,BTCUSDT,BINANCE,TRADE,63898.3,8e-05
2026-08-03 23:28:36,BTCUSDT,BINANCE,TRADE,63898.3,8e-05
2026-08-03 23:28:36,BTCUSDT,BINANCE,TRADE,63898.3,1e-05
2026-08-03 23:28:36,BTCUSDT,BINANCE,TRADE,63898.3,8e-05
2026-08-03 23:28:36,BTCUSDT,BINANCE,TRADE,63898.3,8e-05
2026-08-03 23:28:36,BTCUSDT,BINANCE,TRADE,63898.3,9e-05
2026-08-03 23:28:36,BTCUSDT,BINANCE,TRADE,63898.3,9e-05
2026-08-03 23:28:36,BTCUSDT,BINANCE,TRADE,63898.3,0.00016
2026-08-03 23:28:36,BTCUSDT,BINANCE,TRADE,63898.3,9e-05
2026-08-03 23:28:36,BTCUSDT,BINANCE,TRADE,63898.3,9e-05
2026-08-03 23:28:36,BTCUSDT,BINANCE,TRADE,63898.3,9e-05
2026-08-03 23:28:36,BTCUSDT,BINANCE,TRADE,63898.3,9e-05
2026-08-03 23:28:36,BTCUSDT,BINANCE,TRADE,63898.3,9e-05
2026-08-03 23:28:36,BTCUSDT,BINANCE,TRADE,63898.3,9e-05
2026-08-03 23:28:36,BTCUSDT,BINANCE,TRADE,63898.3,0.00016
2026-08-03 23:28:36,BTCUSDT,BINANCE,TRADE,63898.8,8e-05
2026-08-03 23:28:36,BTCUSDT,BINANCE,TRADE,63898.8,8e-05
2026-08-03 23:28:36,BTCUSDT,BINANCE,TRADE,63898.9,9e-05
2026-08-03 23:28:36,BTCUSDT,BINANCE,TRADE,63899.1,0.00782
2026-08-03 23:28:36,BTCUSDT,BINANCE,TRADE,63899.1,9e-05
2026-08-03 23:28:36,BTCUSDT,BINANCE,TRADE,63899.1,9e-05
2026-08-03 23:28:36,BTCUSDT,BINANCE,TRADE,63899.2,0.004
2026-08-03 23:28:36,BTCUSDT,BINANCE,TRADE,63899.5,8e-05
2026-08-03 23:28:36,BTCUSDT,BINANCE,TRADE,63899.9,9e-05
2026-08-03 23:28:36,BTCUSDT,BINANCE,TRADE,63899.9,9e-05
2026-08-03 23:28:36,BTCUSDT,BINANCE,TRADE,63899.9,9e-05
2026-08-03 23:28:36,BTCUSDT,BINANCE,TRADE,63899.9,9e-05
2026-08-03 23:28:36,BTCUSDT,BINANCE,TRADE,63899.9,9e-05
2026-08-03 23:28:36,BTCUSDT,BINANCE,TRADE,63899.9,0.08372
2026-08-03 23:28:36,BTCUSDT,BINANCE,TRADE,63900,9e-05
2026-08-03 23:28:36,BTCUSDT,BINANCE,TRADE,63900,9e-05
2026-08-03 23:28:36,BTCUSDT,BINANCE,TRADE,63900,9e-05
2026-08-03 23:28:36,BTCUSDT,BINANCE,TRADE,63900,0.03884
2026-08-03 23:28:36,BTCUSDT,BINANCE,TRADE,63900,9e-05
2026-08-03 23:28:36,BTCUSDT,BINANCE,TRADE,63900,9e-05
2026-08-03 23:28:36,BTCUSDT,BINANCE,TRADE,63900,9e-05
2026-08-03 23:28:36,BTCUSDT,BINANCE,TRADE,63900,9e-05
2026-08-03 23:28:36,BTCUSDT,BINANCE,TRADE,63900,9e-05
2026-08-03 23:28:36,BTCUSDT,BINANCE,TRADE,63900,9e-05
2026-08-03 23:28:36,BTCUSDT,BINANCE,TRADE,63900,0.01825
2026-08-03 23:28:36,BTCUSDT,BINANCE,TRADE,63900,0.01381
2026-08-03 23:28:36,BTCUSDT,BINANCE,TRADE,63900,0.008
2026-08-03 23:28:36,BTCUSDT,BINANCE,TRADE,63900,0.006
2026-08-03 23:28:36,BTCUSDT,BINANCE,TRADE,63900,0.002
2026-08-03 23:28:36,BTCUSDT,BINANCE,TRADE,63900,0.005
2026-08-03 23:28:36,BTCUSDT,BINANCE,TRADE,63900,0.0016
2026-08-03 23:28:36,BTCUSDT,BINANCE,TRADE,63900,0.01
2026-08-03 23:28:36,BTCUSDT,BINANCE,TRADE,63900,0.00512
2026-08-03 23:28:36,BTCUSDT,BINANCE,TRADE,63900,0.01111
2026-08-03 23:28:36,BTCUSDT,BINANCE,TRADE,63900,9e-05
2026-08-03 23:28:36,BTCUSDT,BINANCE,TRADE,63900,9e-05
2026-08-03 23:28:36,BTCUSDT,BINANCE,TRADE,63900.2,8e-05
2026-08-03 23:28:36,BTCUSDT,BINANCE,TRADE,63900.8,0.004
2026-08-03 23:28:36,BTCUSDT,BINANCE,TRADE,63900.9,8e-05
2026-08-03 23:28:36,BTCUSDT,BINANCE,TRADE,63900.9,8e-05
2026-08-03 23:28:36,BTCUSDT,BINANCE,TRADE,63900.9,8e-05
2026-08-03 23:28:36,BTCUSDT,BINANCE,TRADE,63901,9e-05
2026-08-03 23:28:36,BTCUSDT,BINANCE,TRADE,63901,9e-05
2026-08-03 23:28:36,BTCUSDT,BINANCE,TRADE,63901,9e-05
2026-08-03 23:28:36,BTCUSDT,BINANCE,TRADE,63901,0.04
2026-08-03 23:28:36,BTCUSDT,BINANCE,TRADE,63901,9e-05
2026-08-03 23:28:36,BTCUSDT,BINANCE,TRADE,63901,9e-05
2026-08-03 23:28:36,BTCUSDT,BINANCE,TRADE,63901.1,0.00151
2026-08-03 23:28:36,BTCUSDT,BINANCE,TRADE,63901.1,8e-05
2026-08-03 23:28:36,BTCUSDT,BINANCE,TRADE,63901.3,8e-05
2026-08-03 23:28:36,BTCUSDT,BINANCE,TRADE,63901.3,8e-05
2026-08-03 23:28:36,BTCUSDT,BINANCE,TRADE,63901.4,0.0001
2026-08-03 23:28:36,BTCUSDT,BINANCE,TRADE,63901.5,8e-05
2026-08-03 23:28:36,BTCUSDT,BINANCE,TRADE,63901.5,9e-05
2026-08-03 23:28:36,BTCUSDT,BINANCE,TRADE,63901.5,8e-05
2026-08-03 23:28:36,BTCUSDT,BINANCE,TRADE,63901.5,0.048
2026-08-03 23:28:36,BTCUSDT,BINANCE,TRADE,63901.5,0.058
2026-08-03 23:28:36,BTCUSDT,BINANCE,TRADE,63901.5,8e-05
2026-08-03 23:28:36,BTCUSDT,BINANCE,TRADE,63901.5,9e-05
2026-08-03 23:28:36,BTCUSDT,BINANCE,TRADE,63901.5,9e-05
2026-08-03 23:28:36,BTCUSDT,BINANCE,TRADE,63901.5,8e-05
2026-08-03 23:28:36,BTCUSDT,BINANCE,TRADE,63901.9,0.0016
2026-08-03 23:28:36,BTCUSDT,BINANCE,TRADE,63902,0.005
2026-08-03 23:28:36,BTCUSDT,BINANCE,TRADE,63902,0.002
2026-08-03 23:28:36,BTCUSDT,BINANCE,TRADE,63902,0.008
2026-08-03 23:28:36,BTCUSDT,BINANCE,TRADE,63902,0.006
2026-08-03 23:28:36,BTCUSDT,BINANCE,TRADE,63902,9e-05
2026-08-03 23:28:36,BTCUSDT,BINANCE,TRADE,63902,9e-05
2026-08-03 23:28:36,BTCUSDT,BINANCE,TRADE,63902.1,9e-05
2026-08-03 23:28:36,BTCUSDT,BINANCE,TRADE,63902.1,0.042
2026-08-03 23:28:36,BTCUSDT,BINANCE,TRADE,63902.1,9e-05
2026-08-03 23:28:36,BTCUSDT,BINANCE,TRADE,63902.1,9e-05
2026-08-03 23:28:36,BTCUSDT,BINANCE,TRADE,63902.1,0.036
2026-08-03 23:28:36,BTCUSDT,BINANCE,TRADE,63902.2,0.044
2026-08-03 23:28:36,BTCUSDT,BINANCE,TRADE,63902.2,0.042
2026-08-03 23:28:36,BTCUSDT,BINANCE,TRADE,63902.3,0.0123
2026-08-03 23:28:36,BTCUSDT,BINANCE,TRADE,63902.4,0.04
2026-08-03 23:28:36,BTCUSDT,BINANCE,TRADE,63902.4,0.02
2026-08-03 23:28:36,BTCUSDT,BINANCE,TRADE,63902.4,0.01
2026-08-03 23:28:36,BTCUSDT,BINANCE,TRADE,63902.4,8e-05
2026-08-03 23:28:36,BTCUSDT,BINANCE,TRADE,63902.4,8e-05
2026-08-03 23:28:36,BTCUSDT,BINANCE,TRADE,63902.4,0.004
2026-08-03 23:28:36,BTCUSDT,BINANCE,TRADE,63902.4,9e-05
2026-08-03 23:28:36,BTCUSDT,BINANCE,TRADE,63902.5,0.0827
2026-08-03 23:28:36,BTCUSDT,BINANCE,TRADE,63902.5,8e-05
2026-08-03 23:28:36,BTCUSDT,BINANCE,TRADE,63902.5,8e-05
2026-08-03 23:28:36,BTCUSDT,BINANCE,TRADE,63902.5,8e-05
2026-08-03 23:28:36,BTCUSDT,BINANCE,TRADE,63902.5,8e-05
2026-08-03 23:28:36,BTCUSDT,BINANCE,TRADE,63902.8,0.00024
2026-08-03 23:28:36,BTCUSDT,BINANCE,TRADE,63902.9,8e-05
2026-08-03 23:28:36,BTCUSDT,BINANCE,TRADE,63902.9,0.26049
2026-08-03 23:28:36,BTCUSDT,BINANCE,TRADE,63902.9,0.24656
2026-08-03 23:28:36,BTCUSDT,BINANCE,TRADE,63903,8e-05
2026-08-03 23:28:36,BTCUSDT,BINANCE,TRADE,63903.1,8e-05
2026-08-03 23:28:36,BTCUSDT,BINANCE,TRADE,63903.4,0.01744
2026-08-03 23:28:36,BTCUSDT,BINANCE,TRADE,63904,0.005
2026-08-03 23:28:36,BTCUSDT,BINANCE,TRADE,63904,0.002
2026-08-03 23:28:36,BTCUSDT,BINANCE,TRADE,63904,0.008
2026-08-03 23:28:36,BTCUSDT,BINANCE,TRADE,63904,0.006
2026-08-03 23:28:36,BTCUSDT,BINANCE,TRADE,63904,9e-05
2026-08-03 23:28:36,BTCUSDT,BINANCE,TRADE,63904,0.004
2026-08-03 23:28:36,BTCUSDT,BINANCE,TRADE,63904.1,8e-05
2026-08-03 23:28:36,BTCUSDT,BINANCE,TRADE,63904.1,8e-05
2026-08-03 23:28:36,BTCUSDT,BINANCE,TRADE,63904.1,0.024
2026-08-03 23:28:36,BTCUSDT,BINANCE,TRADE,63904.2,0.00126
2026-08-03 23:28:36,BTCUSDT,BINANCE,TRADE,63904.2,0.00126
2026-08-03 23:28:36,BTCUSDT,BINANCE,TRADE,63904.2,0.13254
2026-08-03 23:28:36,BTCUSDT,BINANCE,TRADE,63904.2,0.93756
2026-08-03 23:28:36,BTCUSDT,BINANCE,TRADE,63904.2,0.10675
2026-08-03 23:28:36,BTCUSDT,BINANCE,TRADE,63902.9,9e-05
2026-08-03 23:28:36,SOLUSDT,BINANCE,TRADE,73.69,0.068
2026-08-03 23:28:36,SOLUSDT,BINANCE,TRADE,73.69,0.073
2026-08-03 23:28:36,SOLUSDT,BINANCE,TRADE,73.69,0.073
2026-08-03 23:28:36,SOLUSDT,BINANCE,TRADE,73.69,0.073
2026-08-03 23:28:36,SOLUSDT,BINANCE,TRADE,73.69,0.073
2026-08-03 23:28:36,SOLUSDT,BINANCE,TRADE,73.69,0.225
2026-08-03 23:28:36,SOLUSDT,BINANCE,TRADE,73.69,0.847
2026-08-03 23:28:36,SOLUSDT,BINANCE,TRADE,73.69,10
2026-08-03 23:28:36,SOLUSDT,BINANCE,TRADE,73.69,0.278
2026-08-03 23:28:36,SOLUSDT,BINANCE,TRADE,73.69,0.073
2026-08-03 23:28:36,SOLUSDT,BINANCE,TRADE,73.69,0.073
2026-08-03 23:28:36,SOLUSDT,BINANCE,TRADE,73.69,0.073
2026-08-03 23:28:36,SOLUSDT,BINANCE,TRADE,73.69,0.073
2026-08-03 23:28:36,SOLUSDT,BINANCE,TRADE,73.69,0.072
2026-08-03 23:28:36,SOLUSDT,BINANCE,TRADE,73.69,0.072
2026-08-03 23:28:36,SOLUSDT,BINANCE,TRADE,73.69,0.136
2026-08-03 23:28:36,SOLUSDT,BINANCE,TRADE,73.69,0.07
2026-08-03 23:28:36,SOLUSDT,BINANCE,TRADE,73.69,0.073
2026-08-03 23:28:36,SOLUSDT,BINANCE,TRADE,73.69,0.073
2026-08-03 23:28:36,SOLUSDT,BINANCE,TRADE,73.69,0.072
2026-08-03 23:28:36,SOLUSDT,BINANCE,TRADE,73.7,0.261
2026-08-03 23:28:37,BTCUSDT,BINANCE,TRADE,63902.9,0.00111
2026-08-03 23:28:37,BTCUSDT,BINANCE,TRADE,63902.9,0.00139
2026-08-03 23:28:37,BTCUSDT,BINANCE,TRADE,63902.9,0.02183
2026-08-03 23:28:37,ETHUSDT,BINANCE,TRADE,1868.66,0.0032
2026-08-03 23:28:37,BTCUSDT,BINANCE,TRADE,63902.9,0.00047
2026-08-03 23:28:37,BTCUSDT,BINANCE,TRADE,63902.9,0.01148
2026-08-03 23:28:39,BTCUSDT,BINANCE,TRADE,63902.9,0.03145
2026-08-03 23:28:40,SOLUSDT,BINANCE,TRADE,73.7,25.797
2026-08-03 23:28:40,BTCUSDT,BINANCE,TRADE,63902.9,0.01055
2026-08-03 23:28:40,BTCUSDT,BINANCE,TRADE,63902.9,0.00025
2026-08-03 23:28:41,BTCUSDT,BINANCE,TRADE,63902.9,0.00126
2026-08-03 23:28:41,SOLUSDT,BINANCE,TRADE,73.69,13.341
2026-08-03 23:28:42,SOLUSDT,BINANCE,TRADE,73.69,0.539
2026-08-03 23:28:42,BTCUSDT,BINANCE,TRADE,63902.9,0.00012
2026-08-03 23:28:42,BTCUSDT,BINANCE,TRADE,63902.9,0.00014
2026-08-03 23:28:42,ETHUSDT,BINANCE,TRADE,1868.66,0.0154
2026-08-03 23:28:43,ETHUSDT,BINANCE,TRADE,1868.66,0.0142
2026-08-03 23:28:43,ETHUSDT,BINANCE,TRADE,1868.66,0.2508
2026-08-03 23:28:43,ETHUSDT,BINANCE,TRADE,1868.66,0.0027
2026-08-03 23:28:43,ETHUSDT,BINANCE,TRADE,1868.66,0.0027
2026-08-03 23:28:43,ETHUSDT,BINANCE,TRADE,1868.66,0.0028
2026-08-03 23:28:43,ETHUSDT,BINANCE,TRADE,1868.66,0.0027
2026-08-03 23:28:43,ETHUSDT,BINANCE,TRADE,1868.66,0.0027
2026-08-03 23:28:43,ETHUSDT,BINANCE,TRADE,1868.66,0.0027
2026-08-03 23:28:43,ETHUSDT,BINANCE,TRADE,1868.66,0.0027
2026-08-03 23:28:43,ETHUSDT,BINANCE,TRADE,1868.66,0.0027
2026-08-03 23:28:43,ETHUSDT,BINANCE,TRADE,1868.66,0.0027
2026-08-03 23:28:43,ETHUSDT,BINANCE,TRADE,1868.66,0.0027
2026-08-03 23:28:43,ETHUSDT,BINANCE,TRADE,1868.66,0.0054
2026-08-03 23:28:43,ETHUSDT,BINANCE,TRADE,1868.66,0.072
2026-08-03 23:28:44,ETHUSDT,BINANCE,TRADE,1868.66,0.0082
2026-08-03 23:28:44,ETHUSDT,BINANCE,TRADE,1868.65,0.003
2026-08-03 23:28:44,ETHUSDT,BINANCE,TRADE,1868.65,0.1457
2026-08-03 23:28:44,ETHUSDT,BINANCE,TRADE,1868.65,0.0028
2026-08-03 23:28:44,ETHUSDT,BINANCE,TRADE,1868.65,0.0054
2026-08-03 23:28:44,ETHUSDT,BINANCE,TRADE,1868.65,0.0027
2026-08-03 23:28:44,ETHUSDT,BINANCE,TRADE,1868.65,0.0027
2026-08-03 23:28:44,ETHUSDT,BINANCE,TRADE,1868.65,0.13
2026-08-03 23:28:44,ETHUSDT,BINANCE,TRADE,1868.65,0.0891
2026-08-03 23:28:44,ETHUSDT,BINANCE,TRADE,1868.65,0.1251
2026-08-03 23:28:44,ETHUSDT,BINANCE,TRADE,1868.65,0.0028
2026-08-03 23:28:44,ETHUSDT,BINANCE,TRADE,1868.65,0.0028
2026-08-03 23:28:44,ETHUSDT,BINANCE,TRADE,1868.65,0.0028
2026-08-03 23:28:44,ETHUSDT,BINANCE,TRADE,1868.65,0.0375
2026-08-03 23:28:44,ETHUSDT,BINANCE,TRADE,1868.65,0.0032
2026-08-03 23:28:44,ETHUSDT,BINANCE,TRADE,1868.65,0.0032
2026-08-03 23:28:44,ETHUSDT,BINANCE,TRADE,1868.65,0.0028
2026-08-03 23:28:44,ETHUSDT,BINANCE,TRADE,1868.65,0.1251
2026-08-03 23:28:44,ETHUSDT,BINANCE,TRADE,1868.65,0.1251
2026-08-03 23:28:44,ETHUSDT,BINANCE,TRADE,1868.65,0.1251
2026-08-03 23:28:44,ETHUSDT,BINANCE,TRADE,1868.65,0.1251
2026-08-03 23:28:44,ETHUSDT,BINANCE,TRADE,1868.65,0.1251
2026-08-03 23:28:44,ETHUSDT,BINANCE,TRADE,1868.65,0.0123
2026-08-03 23:28:44,ETHUSDT,BINANCE,TRADE,1868.64,0.0054
2026-08-03 23:28:44,ETHUSDT,BINANCE,TRADE,1868.64,0.0028
2026-08-03 23:28:44,ETHUSDT,BINANCE,TRADE,1868.64,0.0028
2026-08-03 23:28:44,ETHUSDT,BINANCE,TRADE,1868.64,0.0028
2026-08-03 23:28:44,ETHUSDT,BINANCE,TRADE,1868.64,0.0028
2026-08-03 23:28:44,ETHUSDT,BINANCE,TRADE,1868.63,0.0054
2026-08-03 23:28:44,ETHUSDT,BINANCE,TRADE,1868.63,0.0028
2026-08-03 23:28:44,ETHUSDT,BINANCE,TRADE,1868.63,0.0028
2026-08-03 23:28:44,ETHUSDT,BINANCE,TRADE,1868.62,0.0028
2026-08-03 23:28:44,ETHUSDT,BINANCE,TRADE,1868.61,0.0029
2026-08-03 23:28:44,ETHUSDT,BINANCE,TRADE,1868.61,0.0029
2026-08-03 23:28:44,ETHUSDT,BINANCE,TRADE,1868.61,0.0028
2026-08-03 23:28:44,ETHUSDT,BINANCE,TRADE,1868.61,0.0028
2026-08-03 23:28:44,ETHUSDT,BINANCE,TRADE,1868.61,0.0029
2026-08-03 23:28:44,ETHUSDT,BINANCE,TRADE,1868.6,0.0028
2026-08-03 23:28:44,ETHUSDT,BINANCE,TRADE,1868.6,0.3327
2026-08-03 23:28:44,ETHUSDT,BINANCE,TRADE,1868.6,0.0028
2026-08-03 23:28:44,ETHUSDT,BINANCE,TRADE,1868.6,0.0028
2026-08-03 23:28:44,ETHUSDT,BINANCE,TRADE,1868.6,0.026
2026-08-03 23:28:44,ETHUSDT,BINANCE,TRADE,1868.6,0.0028
2026-08-03 23:28:44,ETHUSDT,BINANCE,TRADE,1868.6,0.0027
2026-08-03 23:28:44,ETHUSDT,BINANCE,TRADE,1868.6,0.0032
2026-08-03 23:28:44,ETHUSDT,BINANCE,TRADE,1868.6,0.0032
2026-08-03 23:28:44,ETHUSDT,BINANCE,TRADE,1868.6,0.0028
2026-08-03 23:28:44,ETHUSDT,BINANCE,TRADE,1868.6,0.0028
2026-08-03 23:28:44,ETHUSDT,BINANCE,TRADE,1868.6,0.0027
2026-08-03 23:28:44,ETHUSDT,BINANCE,TRADE,1868.6,0.0028
2026-08-03 23:28:44,ETHUSDT,BINANCE,TRADE,1868.6,0.0028
2026-08-03 23:28:44,ETHUSDT,BINANCE,TRADE,1868.6,0.0028
2026-08-03 23:28:44,ETHUSDT,BINANCE,TRADE,1868.59,0.0028
2026-08-03 23:28:44,ETHUSDT,BINANCE,TRADE,1868.59,0.0028
2026-08-03 23:28:44,ETHUSDT,BINANCE,TRADE,1868.59,0.0028
2026-08-03 23:28:44,ETHUSDT,BINANCE,TRADE,1868.59,0.0028
2026-08-03 23:28:44,ETHUSDT,BINANCE,TRADE,1868.58,0.0027
2026-08-03 23:28:44,ETHUSDT,BINANCE,TRADE,1868.58,0.0028
2026-08-03 23:28:44,ETHUSDT,BINANCE,TRADE,1868.57,0.0028
2026-08-03 23:28:44,ETHUSDT,BINANCE,TRADE,1868.57,0.0029
2026-08-03 23:28:44,ETHUSDT,BINANCE,TRADE,1868.57,0.0029
2026-08-03 23:28:44,ETHUSDT,BINANCE,TRADE,1868.57,0.0029
2026-08-03 23:28:44,ETHUSDT,BINANCE,TRADE,1868.56,0.0028
2026-08-03 23:28:44,ETHUSDT,BINANCE,TRADE,1868.56,0.0028
2026-08-03 23:28:44,ETHUSDT,BINANCE,TRADE,1868.56,0.0027
2026-08-03 23:28:44,ETHUSDT,BINANCE,TRADE,1868.56,1.9803
2026-08-03 23:28:44,ETHUSDT,BINANCE,TRADE,1868.55,0.0029
2026-08-03 23:28:44,ETHUSDT,BINANCE,TRADE,1868.55,0.0029
2026-08-03 23:28:44,ETHUSDT,BINANCE,TRADE,1868.55,0.0028
2026-08-03 23:28:44,ETHUSDT,BINANCE,TRADE,1868.55,0.0029
2026-08-03 23:28:44,ETHUSDT,BINANCE,TRADE,1868.55,0.0502
2026-08-03 23:28:45,BTCUSDT,BINANCE,TRADE,63902.9,8e-05
2026-08-03 23:28:45,BTCUSDT,BINANCE,TRADE,63902.9,8e-05
2026-08-03 23:28:45,BTCUSDT,BINANCE,TRADE,63902.9,0.00016
2026-08-03 23:28:45,BTCUSDT,BINANCE,TRADE,63902.9,9e-05
2026-08-03 23:28:45,BTCUSDT,BINANCE,TRADE,63902.9,8e-05
2026-08-03 23:28:45,BTCUSDT,BINANCE,TRADE,63902.9,0.0001
2026-08-03 23:28:45,BTCUSDT,BINANCE,TRADE,63902.9,8e-05
2026-08-03 23:28:45,BTCUSDT,BINANCE,TRADE,63902.9,8e-05
2026-08-03 23:28:45,BTCUSDT,BINANCE,TRADE,63902.9,9e-05
2026-08-03 23:28:45,BTCUSDT,BINANCE,TRADE,63902.9,0.00026
2026-08-03 23:28:46,BTCUSDT,BINANCE,TRADE,63902.9,0.00756
2026-08-03 23:28:46,BTCUSDT,BINANCE,TRADE,63902.9,0.01132
2026-08-03 23:28:46,BTCUSDT,BINANCE,TRADE,63902.9,9e-05
2026-08-03 23:28:46,BTCUSDT,BINANCE,TRADE,63902.9,0.11748
2026-08-03 23:28:46,BTCUSDT,BINANCE,TRADE,63902.9,9e-05
2026-08-03 23:28:46,BTCUSDT,BINANCE,TRADE,63902.9,9e-05
2026-08-03 23:28:46,BTCUSDT,BINANCE,TRADE,63902.9,0.00024
2026-08-03 23:28:46,BTCUSDT,BINANCE,TRADE,63902.9,9e-05
2026-08-03 23:28:46,BTCUSDT,BINANCE,TRADE,63902.9,0.0001
2026-08-03 23:28:46,BTCUSDT,BINANCE,TRADE,63902.9,9e-05
2026-08-03 23:28:46,BTCUSDT,BINANCE,TRADE,63902.9,9e-05
2026-08-03 23:28:46,BTCUSDT,BINANCE,TRADE,63902.9,9e-05
2026-08-03 23:28:46,BTCUSDT,BINANCE,TRADE,63902.9,9e-05
2026-08-03 23:28:46,BTCUSDT,BINANCE,TRADE,63902.9,9e-05
2026-08-03 23:28:46,BTCUSDT,BINANCE,TRADE,63902.9,0.007
2026-08-03 23:28:46,BTCUSDT,BINANCE,TRADE,63902.9,9e-05
2026-08-03 23:28:46,BTCUSDT,BINANCE,TRADE,63902.9,0.0026
2026-08-03 23:28:46,BTCUSDT,BINANCE,TRADE,63902.9,9e-05
2026-08-03 23:28:46,BTCUSDT,BINANCE,TRADE,63902.9,9e-05
2026-08-03 23:28:46,BTCUSDT,BINANCE,TRADE,63902.9,9e-05
2026-08-03 23:28:46,BTCUSDT,BINANCE,TRADE,63902.9,9e-05
2026-08-03 23:28:46,BTCUSDT,BINANCE,TRADE,63902.9,0.3
2026-08-03 23:28:46,BTCUSDT,BINANCE,TRADE,63902.9,8e-05
2026-08-03 23:28:46,BTCUSDT,BINANCE,TRADE,63902.9,8e-05
2026-08-03 23:28:46,BTCUSDT,BINANCE,TRADE,63902.9,9e-05
2026-08-03 23:28:46,BTCUSDT,BINANCE,TRADE,63902.9,9e-05
2026-08-03 23:28:46,BTCUSDT,BINANCE,TRADE,63902.9,0.00016
2026-08-03 23:28:46,BTCUSDT,BINANCE,TRADE,63902.9,8e-05
2026-08-03 23:28:46,BTCUSDT,BINANCE,TRADE,63902.9,8e-05
2026-08-03 23:28:46,BTCUSDT,BINANCE,TRADE,63902.9,9e-05
2026-08-03 23:28:46,BTCUSDT,BINANCE,TRADE,63902.9,9e-05
2026-08-03 23:28:46,BTCUSDT,BINANCE,TRADE,63902.9,8e-05
2026-08-03 23:28:46,BTCUSDT,BINANCE,TRADE,63902.9,8e-05
2026-08-03 23:28:46,BTCUSDT,BINANCE,TRADE,63902.9,8e-05
2026-08-03 23:28:46,BTCUSDT,BINANCE,TRADE,63902.9,8e-05
2026-08-03 23:28:46,BTCUSDT,BINANCE,TRADE,63902.9,8e-05
2026-08-03 23:28:46,BTCUSDT,BINANCE,TRADE,63902.9,8e-05
2026-08-03 23:28:46,BTCUSDT,BINANCE,TRADE,63902.8,9e-05
2026-08-03 23:28:46,BTCUSDT,BINANCE,TRADE,63902.8,0.00016
2026-08-03 23:28:46,BTCUSDT,BINANCE,TRADE,63902.8,9e-05
2026-08-03 23:28:46,BTCUSDT,BINANCE,TRADE,63902.8,9e-05
2026-08-03 23:28:46,BTCUSDT,BINANCE,TRADE,63902.8,9e-05
2026-08-03 23:28:46,BTCUSDT,BINANCE,TRADE,63902.8,9e-05
2026-08-03 23:28:46,BTCUSDT,BINANCE,TRADE,63902.8,9e-05
2026-08-03 23:28:46,BTCUSDT,BINANCE,TRADE,63902.8,9e-05
2026-08-03 23:28:46,BTCUSDT,BINANCE,TRADE,63902.8,9e-05
2026-08-03 23:28:46,BTCUSDT,BINANCE,TRADE,63902.8,9e-05
2026-08-03 23:28:46,BTCUSDT,BINANCE,TRADE,63902.8,9e-05
2026-08-03 23:28:46,BTCUSDT,BINANCE,TRADE,63902.8,0.00016
2026-08-03 23:28:46,BTCUSDT,BINANCE,TRADE,63902.8,0.00039
2026-08-03 23:28:46,BTCUSDT,BINANCE,TRADE,63902.1,8e-05
2026-08-03 23:28:46,BTCUSDT,BINANCE,TRADE,63902.1,8e-05
2026-08-03 23:28:46,BTCUSDT,BINANCE,TRADE,63902.1,8e-05
2026-08-03 23:28:46,BTCUSDT,BINANCE,TRADE,63902.1,8e-05
2026-08-03 23:28:46,BTCUSDT,BINANCE,TRADE,63902,9e-05
2026-08-03 23:28:46,BTCUSDT,BINANCE,TRADE,63902,9e-05
2026-08-03 23:28:46,BTCUSDT,BINANCE,TRADE,63902,9e-05
2026-08-03 23:28:46,BTCUSDT,BINANCE,TRADE,63902,0.005
2026-08-03 23:28:46,BTCUSDT,BINANCE,TRADE,63902,9e-05
2026-08-03 23:28:46,BTCUSDT,BINANCE,TRADE,63902,9e-05
2026-08-03 23:28:46,BTCUSDT,BINANCE,TRADE,63902,0.002
2026-08-03 23:28:46,BTCUSDT,BINANCE,TRADE,63902,0.008
2026-08-03 23:28:46,BTCUSDT,BINANCE,TRADE,63902,0.006
2026-08-03 23:28:46,BTCUSDT,BINANCE,TRADE,63902,8e-05
2026-08-03 23:28:46,BTCUSDT,BINANCE,TRADE,63902,9e-05
2026-08-03 23:28:46,BTCUSDT,BINANCE,TRADE,63902,8e-05
2026-08-03 23:28:46,BTCUSDT,BINANCE,TRADE,63902,8e-05
2026-08-03 23:28:46,BTCUSDT,BINANCE,TRADE,63902,9e-05
2026-08-03 23:28:46,BTCUSDT,BINANCE,TRADE,63902,8e-05
2026-08-03 23:28:46,BTCUSDT,BINANCE,TRADE,63902,8e-05
2026-08-03 23:28:46,BTCUSDT,BINANCE,TRADE,63901.4,8e-05
2026-08-03 23:28:46,BTCUSDT,BINANCE,TRADE,63901.1,8e-05
2026-08-03 23:28:46,BTCUSDT,BINANCE,TRADE,63901.1,8e-05
2026-08-03 23:28:46,BTCUSDT,BINANCE,TRADE,63900.9,8e-05
2026-08-03 23:28:46,BTCUSDT,BINANCE,TRADE,63900.9,9e-05
2026-08-03 23:28:46,BTCUSDT,BINANCE,TRADE,63900.9,9e-05
2026-08-03 23:28:46,BTCUSDT,BINANCE,TRADE,63900.9,9e-05
2026-08-03 23:28:46,BTCUSDT,BINANCE,TRADE,63900.9,0.0169
2026-08-03 23:28:46,BTCUSDT,BINANCE,TRADE,63900.9,0.00187
2026-08-03 23:28:46,BTCUSDT,BINANCE,TRADE,63900.9,9e-05
2026-08-03 23:28:46,BTCUSDT,BINANCE,TRADE,63900.9,9e-05
2026-08-03 23:28:46,BTCUSDT,BINANCE,TRADE,63900.3,9e-05
2026-08-03 23:28:46,BTCUSDT,BINANCE,TRADE,63900.3,9e-05
2026-08-03 23:28:46,BTCUSDT,BINANCE,TRADE,63900.3,9e-05
2026-08-03 23:28:46,ETHUSDT,BINANCE,TRADE,1868.54,0.008
2026-08-03 23:28:46,ETHUSDT,BINANCE,TRADE,1868.54,0.0028
2026-08-03 23:28:46,ETHUSDT,BINANCE,TRADE,1868.54,0.0027
2026-08-03 23:28:46,ETHUSDT,BINANCE,TRADE,1868.54,0.0032
2026-08-03 23:28:46,ETHUSDT,BINANCE,TRADE,1868.54,0.0028
2026-08-03 23:28:46,ETHUSDT,BINANCE,TRADE,1868.54,0.0028
2026-08-03 23:28:46,ETHUSDT,BINANCE,TRADE,1868.54,0.0028
2026-08-03 23:28:46,ETHUSDT,BINANCE,TRADE,1868.54,0.0028
2026-08-03 23:28:46,ETHUSDT,BINANCE,TRADE,1868.54,0.0027
2026-08-03 23:28:46,ETHUSDT,BINANCE,TRADE,1868.54,0.0028
2026-08-03 23:28:46,ETHUSDT,BINANCE,TRADE,1868.54,0.0027
2026-08-03 23:28:46,ETHUSDT,BINANCE,TRADE,1868.54,0.0028
2026-08-03 23:28:46,ETHUSDT,BINANCE,TRADE,1868.54,0.0029
2026-08-03 23:28:46,ETHUSDT,BINANCE,TRADE,1868.54,0.0029
2026-08-03 23:28:46,ETHUSDT,BINANCE,TRADE,1868.54,0.0028
2026-08-03 23:28:46,ETHUSDT,BINANCE,TRADE,1868.54,0.0032
2026-08-03 23:28:46,ETHUSDT,BINANCE,TRADE,1868.54,0.3475
2026-08-03 23:28:46,ETHUSDT,BINANCE,TRADE,1868.54,0.0028
2026-08-03 23:28:46,ETHUSDT,BINANCE,TRADE,1868.54,0.0054
2026-08-03 23:28:46,ETHUSDT,BINANCE,TRADE,1868.54,0.0029
2026-08-03 23:28:46,BTCUSDT,BINANCE,TRADE,63900.3,0.14686
2026-08-03 23:28:46,BTCUSDT,BINANCE,TRADE,63900.3,9e-05
2026-08-03 23:28:46,BTCUSDT,BINANCE,TRADE,63900.3,9e-05
2026-08-03 23:28:46,BTCUSDT,BINANCE,TRADE,63900.3,8e-05
2026-08-03 23:28:46,BTCUSDT,BINANCE,TRADE,63900.3,8e-05
2026-08-03 23:28:46,BTCUSDT,BINANCE,TRADE,63900.3,0.3
2026-08-03 23:28:46,BTCUSDT,BINANCE,TRADE,63900.3,9e-05
2026-08-03 23:28:46,BTCUSDT,BINANCE,TRADE,63900.3,9e-05
2026-08-03 23:28:46,BTCUSDT,BINANCE,TRADE,63900.3,8e-05
2026-08-03 23:28:46,BTCUSDT,BINANCE,TRADE,63900.3,9e-05
2026-08-03 23:28:46,BTCUSDT,BINANCE,TRADE,63900.3,9e-05
2026-08-03 23:28:46,BTCUSDT,BINANCE,TRADE,63900.3,9e-05
2026-08-03 23:28:46,BTCUSDT,BINANCE,TRADE,63900.3,9e-05
2026-08-03 23:28:46,BTCUSDT,BINANCE,TRADE,63900.3,9e-05
2026-08-03 23:28:46,BTCUSDT,BINANCE,TRADE,63900.3,9e-05
2026-08-03 23:28:46,BTCUSDT,BINANCE,TRADE,63900.3,9e-05
2026-08-03 23:28:46,BTCUSDT,BINANCE,TRADE,63900.3,9e-05
2026-08-03 23:28:46,BTCUSDT,BINANCE,TRADE,63900.3,9e-05
2026-08-03 23:28:46,BTCUSDT,BINANCE,TRADE,63900.3,9e-05
2026-08-03 23:28:46,BTCUSDT,BINANCE,TRADE,63900.3,8e-05
2026-08-03 23:28:46,BTCUSDT,BINANCE,TRADE,63900.3,8e-05
2026-08-03 23:28:46,BTCUSDT,BINANCE,TRADE,63900.3,8e-05
2026-08-03 23:28:46,BTCUSDT,BINANCE,TRADE,63900.3,9e-05
2026-08-03 23:28:46,BTCUSDT,BINANCE,TRADE,63900.3,9e-05
2026-08-03 23:28:46,BTCUSDT,BINANCE,TRADE,63900.3,9e-05
2026-08-03 23:28:46,BTCUSDT,BINANCE,TRADE,63900.3,9e-05
2026-08-03 23:28:46,BTCUSDT,BINANCE,TRADE,63900.3,9e-05
2026-08-03 23:28:46,BTCUSDT,BINANCE,TRADE,63900,9e-05
2026-08-03 23:28:46,BTCUSDT,BINANCE,TRADE,63900,9e-05
2026-08-03 23:28:46,BTCUSDT,BINANCE,TRADE,63900,9e-05
2026-08-03 23:28:46,BTCUSDT,BINANCE,TRADE,63900,0.005
2026-08-03 23:28:46,BTCUSDT,BINANCE,TRADE,63900,0.002
2026-08-03 23:28:46,BTCUSDT,BINANCE,TRADE,63900,0.008
2026-08-03 23:28:46,BTCUSDT,BINANCE,TRADE,63900,0.006
2026-08-03 23:28:46,BTCUSDT,BINANCE,TRADE,63900,9e-05
2026-08-03 23:28:46,BTCUSDT,BINANCE,TRADE,63900,9e-05
2026-08-03 23:28:46,BTCUSDT,BINANCE,TRADE,63900,8e-05
2026-08-03 23:28:46,BTCUSDT,BINANCE,TRADE,63900,8e-05
2026-08-03 23:28:46,BTCUSDT,BINANCE,TRADE,63900,6e-05
2026-08-03 23:28:46,BTCUSDT,BINANCE,TRADE,63900,3e-05
2026-08-03 23:28:46,BTCUSDT,BINANCE,TRADE,63900,9e-05
2026-08-03 23:28:46,BTCUSDT,BINANCE,TRADE,63900,9e-05
2026-08-03 23:28:46,BTCUSDT,BINANCE,TRADE,63900,8e-05
2026-08-03 23:28:46,BTCUSDT,BINANCE,TRADE,63900,8e-05
2026-08-03 23:28:46,BTCUSDT,BINANCE,TRADE,63900,8e-05
2026-08-03 23:28:46,BTCUSDT,BINANCE,TRADE,63900,8e-05
2026-08-03 23:28:46,BTCUSDT,BINANCE,TRADE,63900,9e-05
2026-08-03 23:28:46,BTCUSDT,BINANCE,TRADE,63900,9e-05
2026-08-03 23:28:46,BTCUSDT,BINANCE,TRADE,63900,9e-05
2026-08-03 23:28:46,BTCUSDT,BINANCE,TRADE,63900,8e-05
2026-08-03 23:28:46,BTCUSDT,BINANCE,TRADE,63900,9e-05
2026-08-03 23:28:46,BTCUSDT,BINANCE,TRADE,63900,9e-05
2026-08-03 23:28:46,BTCUSDT,BINANCE,TRADE,63898.8,8e-05
2026-08-03 23:28:46,BTCUSDT,BINANCE,TRADE,63898.6,9e-05
2026-08-03 23:28:46,BTCUSDT,BINANCE,TRADE,63898.6,9e-05
2026-08-03 23:28:46,BTCUSDT,BINANCE,TRADE,63898.6,9e-05
2026-08-03 23:28:46,BTCUSDT,BINANCE,TRADE,63898.6,9e-05
2026-08-03 23:28:46,BTCUSDT,BINANCE,TRADE,63898.6,9e-05
2026-08-03 23:28:46,BTCUSDT,BINANCE,TRADE,63898.4,0.00518
2026-08-03 23:28:46,BTCUSDT,BINANCE,TRADE,63898.4,9e-05
2026-08-03 23:28:46,BTCUSDT,BINANCE,TRADE,63898.4,9e-05
2026-08-03 23:28:46,BTCUSDT,BINANCE,TRADE,63898.3,8e-05
2026-08-03 23:28:46,BTCUSDT,BINANCE,TRADE,63898.3,9e-05
2026-08-03 23:28:46,BTCUSDT,BINANCE,TRADE,63898.3,9e-05
2026-08-03 23:28:46,BTCUSDT,BINANCE,TRADE,63898.3,8e-05
2026-08-03 23:28:46,BTCUSDT,BINANCE,TRADE,63898.3,9e-05
2026-08-03 23:28:46,BTCUSDT,BINANCE,TRADE,63898.3,8e-05
2026-08-03 23:28:46,BTCUSDT,BINANCE,TRADE,63898.3,8e-05
2026-08-03 23:28:46,BTCUSDT,BINANCE,TRADE,63898.3,8e-05
2026-08-03 23:28:46,BTCUSDT,BINANCE,TRADE,63898.3,8e-05
2026-08-03 23:28:46,BTCUSDT,BINANCE,TRADE,63898.3,8e-05
2026-08-03 23:28:46,BTCUSDT,BINANCE,TRADE,63898.3,0.0019
2026-08-03 23:28:46,BTCUSDT,BINANCE,TRADE,63898.3,0.00063
2026-08-03 23:28:46,BTCUSDT,BINANCE,TRADE,63898.3,0.00019
2026-08-03 23:28:46,BTCUSDT,BINANCE,TRADE,63898.3,8e-05
2026-08-03 23:28:46,BTCUSDT,BINANCE,TRADE,63898.3,9e-05
2026-08-03 23:28:46,BTCUSDT,BINANCE,TRADE,63898.3,9e-05
2026-08-03 23:28:46,BTCUSDT,BINANCE,TRADE,63898.3,8e-05
2026-08-03 23:28:46,BTCUSDT,BINANCE,TRADE,63898.3,8e-05
2026-08-03 23:28:46,BTCUSDT,BINANCE,TRADE,63898.3,8e-05
2026-08-03 23:28:46,BTCUSDT,BINANCE,TRADE,63898.3,8e-05
2026-08-03 23:28:46,BTCUSDT,BINANCE,TRADE,63898.3,8e-05
2026-08-03 23:28:46,BTCUSDT,BINANCE,TRADE,63898.3,8e-05
2026-08-03 23:28:46,BTCUSDT,BINANCE,TRADE,63898.3,8e-05
2026-08-03 23:28:46,BTCUSDT,BINANCE,TRADE,63898.3,8e-05
2026-08-03 23:28:46,BTCUSDT,BINANCE,TRADE,63898.3,8e-05
2026-08-03 23:28:46,BTCUSDT,BINANCE,TRADE,63898.3,8e-05
2026-08-03 23:28:46,BTCUSDT,BINANCE,TRADE,63898.3,8e-05
2026-08-03 23:28:46,BTCUSDT,BINANCE,TRADE,63898.3,8e-05
2026-08-03 23:28:46,BTCUSDT,BINANCE,TRADE,63898,0.005
2026-08-03 23:28:46,BTCUSDT,BINANCE,TRADE,63898,0.002
2026-08-03 23:28:46,BTCUSDT,BINANCE,TRADE,63898,0.00128
2026-08-03 23:28:46,ETHUSDT,BINANCE,TRADE,1868.53,0.0029
2026-08-03 23:28:46,ETHUSDT,BINANCE,TRADE,1868.53,0.0029
2026-08-03 23:28:46,ETHUSDT,BINANCE,TRADE,1868.53,0.0028
2026-08-03 23:28:46,ETHUSDT,BINANCE,TRADE,1868.53,0.0028
2026-08-03 23:28:46,ETHUSDT,BINANCE,TRADE,1868.53,0.0028
2026-08-03 23:28:46,ETHUSDT,BINANCE,TRADE,1868.53,0.0028
2026-08-03 23:28:46,ETHUSDT,BINANCE,TRADE,1868.53,0.0054
2026-08-03 23:28:46,ETHUSDT,BINANCE,TRADE,1868.53,0.0032
2026-08-03 23:28:46,ETHUSDT,BINANCE,TRADE,1868.53,0.0032
2026-08-03 23:28:46,ETHUSDT,BINANCE,TRADE,1868.53,0.0027
2026-08-03 23:28:46,ETHUSDT,BINANCE,TRADE,1868.53,0.0028
2026-08-03 23:28:46,ETHUSDT,BINANCE,TRADE,1868.53,0.0028
2026-08-03 23:28:46,ETHUSDT,BINANCE,TRADE,1868.53,0.0028
2026-08-03 23:28:46,ETHUSDT,BINANCE,TRADE,1868.53,0.0028
2026-08-03 23:28:46,ETHUSDT,BINANCE,TRADE,1868.53,0.0028
2026-08-03 23:28:46,ETHUSDT,BINANCE,TRADE,1868.53,0.0028
2026-08-03 23:28:46,ETHUSDT,BINANCE,TRADE,1868.53,0.0028
2026-08-03 23:28:46,ETHUSDT,BINANCE,TRADE,1868.53,0.0029
2026-08-03 23:28:46,BTCUSDT,BINANCE,TRADE,63898,0.00672
2026-08-03 23:28:46,BTCUSDT,BINANCE,TRADE,63898,0.00328
2026-08-03 23:28:46,BTCUSDT,BINANCE,TRADE,63898,0.00272
2026-08-03 23:28:46,BTCUSDT,BINANCE,TRADE,63898,9e-05
2026-08-03 23:28:46,BTCUSDT,BINANCE,TRADE,63898,9e-05
2026-08-03 23:28:46,BTCUSDT,BINANCE,TRADE,63898,0.10836
2026-08-03 23:28:46,BTCUSDT,BINANCE,TRADE,63898,0.026
2026-08-03 23:28:46,BTCUSDT,BINANCE,TRADE,63898,0.026
2026-08-03 23:28:46,BTCUSDT,BINANCE,TRADE,63898,0.026
2026-08-03 23:28:46,BTCUSDT,BINANCE,TRADE,63898,0.01
2026-08-03 23:28:46,BTCUSDT,BINANCE,TRADE,63898,0.01
2026-08-03 23:28:46,BTCUSDT,BINANCE,TRADE,63898,0.026
2026-08-03 23:28:46,BTCUSDT,BINANCE,TRADE,63898,0.003
2026-08-03 23:28:46,BTCUSDT,BINANCE,TRADE,63898,0.01
2026-08-03 23:28:46,BTCUSDT,BINANCE,TRADE,63898,0.003
2026-08-03 23:28:46,BTCUSDT,BINANCE,TRADE,63898,0.01
2026-08-03 23:28:46,BTCUSDT,BINANCE,TRADE,63898,0.01
2026-08-03 23:28:46,BTCUSDT,BINANCE,TRADE,63898,0.012
2026-08-03 23:28:46,ETHUSDT,BINANCE,TRADE,1868.52,0.5936
2026-08-03 23:28:46,ETHUSDT,BINANCE,TRADE,1868.52,0.0028
2026-08-03 23:28:46,ETHUSDT,BINANCE,TRADE,1868.52,0.0054
2026-08-03 23:28:46,ETHUSDT,BINANCE,TRADE,1868.52,0.0028
2026-08-03 23:28:46,ETHUSDT,BINANCE,TRADE,1868.52,0.0028
2026-08-03 23:28:46,ETHUSDT,BINANCE,TRADE,1868.52,0.0028
2026-08-03 23:28:46,ETHUSDT,BINANCE,TRADE,1868.52,0.0027
2026-08-03 23:28:46,ETHUSDT,BINANCE,TRADE,1868.52,0.0032
2026-08-03 23:28:46,ETHUSDT,BINANCE,TRADE,1868.52,0.0032
2026-08-03 23:28:46,ETHUSDT,BINANCE,TRADE,1868.52,0.0028
2026-08-03 23:28:46,ETHUSDT,BINANCE,TRADE,1868.52,0.0028
2026-08-03 23:28:46,ETHUSDT,BINANCE,TRADE,1868.52,0.0028
2026-08-03 23:28:46,ETHUSDT,BINANCE,TRADE,1868.52,0.0028
2026-08-03 23:28:46,ETHUSDT,BINANCE,TRADE,1868.52,0.0028
2026-08-03 23:28:46,ETHUSDT,BINANCE,TRADE,1868.52,0.0028
2026-08-03 23:28:46,ETHUSDT,BINANCE,TRADE,1868.51,0.0028
2026-08-03 23:28:46,ETHUSDT,BINANCE,TRADE,1868.51,0.0028
2026-08-03 23:28:46,ETHUSDT,BINANCE,TRADE,1868.51,0.0028
2026-08-03 23:28:46,ETHUSDT,BINANCE,TRADE,1868.5,0.0028
2026-08-03 23:28:46,ETHUSDT,BINANCE,TRADE,1868.49,0.0027
2026-08-03 23:28:46,ETHUSDT,BINANCE,TRADE,1868.49,0.0028
2026-08-03 23:28:46,ETHUSDT,BINANCE,TRADE,1868.48,0.0027
2026-08-03 23:28:46,ETHUSDT,BINANCE,TRADE,1868.48,0.0028
2026-08-03 23:28:46,ETHUSDT,BINANCE,TRADE,1868.47,0.0028
2026-08-03 23:28:46,ETHUSDT,BINANCE,TRADE,1868.47,0.0028
2026-08-03 23:28:46,ETHUSDT,BINANCE,TRADE,1868.46,0.0029
2026-08-03 23:28:46,ETHUSDT,BINANCE,TRADE,1868.46,0.0029
2026-08-03 23:28:46,ETHUSDT,BINANCE,TRADE,1868.46,0.0028
2026-08-03 23:28:46,ETHUSDT,BINANCE,TRADE,1868.46,0.0029
2026-08-03 23:28:46,BTCUSDT,BINANCE,TRADE,63898,0.026
2026-08-03 23:28:46,BTCUSDT,BINANCE,TRADE,63898,0.001
2026-08-03 23:28:46,BTCUSDT,BINANCE,TRADE,63898,0.01
2026-08-03 23:28:46,BTCUSDT,BINANCE,TRADE,63898,0.01
2026-08-03 23:28:46,BTCUSDT,BINANCE,TRADE,63898,8e-05
2026-08-03 23:28:46,BTCUSDT,BINANCE,TRADE,63898,8e-05
2026-08-03 23:28:46,BTCUSDT,BINANCE,TRADE,63898,8e-05
2026-08-03 23:28:46,BTCUSDT,BINANCE,TRADE,63898,9e-05
2026-08-03 23:28:46,BTCUSDT,BINANCE,TRADE,63898,9e-05
2026-08-03 23:28:46,BTCUSDT,BINANCE,TRADE,63898,8e-05
2026-08-03 23:28:46,BTCUSDT,BINANCE,TRADE,63898,9e-05
2026-08-03 23:28:46,BTCUSDT,BINANCE,TRADE,63898,9e-05
2026-08-03 23:28:46,BTCUSDT,BINANCE,TRADE,63898,9e-05
2026-08-03 23:28:46,BTCUSDT,BINANCE,TRADE,63898,9e-05
2026-08-03 23:28:46,BTCUSDT,BINANCE,TRADE,63898,9e-05
2026-08-03 23:28:46,BTCUSDT,BINANCE,TRADE,63898,9e-05
2026-08-03 23:28:46,BTCUSDT,BINANCE,TRADE,63898,9e-05
2026-08-03 23:28:46,BTCUSDT,BINANCE,TRADE,63898,9e-05
2026-08-03 23:28:46,BTCUSDT,BINANCE,TRADE,63898,8e-05
2026-08-03 23:28:46,BTCUSDT,BINANCE,TRADE,63898,9e-05
2026-08-03 23:28:46,BTCUSDT,BINANCE,TRADE,63898,9e-05
2026-08-03 23:28:46,BTCUSDT,BINANCE,TRADE,63898,9e-05
2026-08-03 23:28:46,BTCUSDT,BINANCE,TRADE,63898,9e-05
2026-08-03 23:28:46,BTCUSDT,BINANCE,TRADE,63898,9e-05
2026-08-03 23:28:46,BTCUSDT,BINANCE,TRADE,63898,8e-05
2026-08-03 23:28:46,BTCUSDT,BINANCE,TRADE,63898,8e-05
2026-08-03 23:28:46,BTCUSDT,BINANCE,TRADE,63898,8e-05
2026-08-03 23:28:46,BTCUSDT,BINANCE,TRADE,63898,8e-05
2026-08-03 23:28:46,BTCUSDT,BINANCE,TRADE,63898,8e-05
2026-08-03 23:28:46,BTCUSDT,BINANCE,TRADE,63898,8e-05
2026-08-03 23:28:46,BTCUSDT,BINANCE,TRADE,63898,9e-05
2026-08-03 23:28:46,BTCUSDT,BINANCE,TRADE,63898,9e-05
2026-08-03 23:28:46,BTCUSDT,BINANCE,TRADE,63898,9e-05
2026-08-03 23:28:46,BTCUSDT,BINANCE,TRADE,63898,9e-05
2026-08-03 23:28:46,BTCUSDT,BINANCE,TRADE,63898,9e-05
2026-08-03 23:28:46,BTCUSDT,BINANCE,TRADE,63898,9e-05
2026-08-03 23:28:46,BTCUSDT,BINANCE,TRADE,63898,9e-05
2026-08-03 23:28:46,BTCUSDT,BINANCE,TRADE,63898,9e-05
2026-08-03 23:28:46,BTCUSDT,BINANCE,TRADE,63898,9e-05
2026-08-03 23:28:46,BTCUSDT,BINANCE,TRADE,63897.8,8e-05
2026-08-03 23:28:46,BTCUSDT,BINANCE,TRADE,63897.8,9e-05
2026-08-03 23:28:46,BTCUSDT,BINANCE,TRADE,63897.8,9e-05
2026-08-03 23:28:46,BTCUSDT,BINANCE,TRADE,63897.8,9e-05
2026-08-03 23:28:46,BTCUSDT,BINANCE,TRADE,63897.7,8e-05
2026-08-03 23:28:46,BTCUSDT,BINANCE,TRADE,63897.7,9e-05
2026-08-03 23:28:46,BTCUSDT,BINANCE,TRADE,63897.7,9e-05
2026-08-03 23:28:46,BTCUSDT,BINANCE,TRADE,63897.7,8e-05
2026-08-03 23:28:46,BTCUSDT,BINANCE,TRADE,63896.5,9e-05
2026-08-03 23:28:46,BTCUSDT,BINANCE,TRADE,63896.5,9e-05
2026-08-03 23:28:46,BTCUSDT,BINANCE,TRADE,63896.4,0.00024
2026-08-03 23:28:46,BTCUSDT,BINANCE,TRADE,63896.1,0.00782
2026-08-03 23:28:46,BTCUSDT,BINANCE,TRADE,63896.1,9e-05
2026-08-03 23:28:46,BTCUSDT,BINANCE,TRADE,63896.1,9e-05
2026-08-03 23:28:46,BTCUSDT,BINANCE,TRADE,63896,0.0002
2026-08-03 23:28:46,BTCUSDT,BINANCE,TRADE,63896,9e-05
2026-08-03 23:28:46,BTCUSDT,BINANCE,TRADE,63896,9e-05
2026-08-03 23:28:46,BTCUSDT,BINANCE,TRADE,63896,9e-05
2026-08-03 23:28:46,BTCUSDT,BINANCE,TRADE,63896,0.00077
2026-08-03 23:28:46,BTCUSDT,BINANCE,TRADE,63896,0.00123
2026-08-03 23:28:46,BTCUSDT,BINANCE,TRADE,63896,0.005
2026-08-03 23:28:46,BTCUSDT,BINANCE,TRADE,63896,0.008
2026-08-03 23:28:46,BTCUSDT,BINANCE,TRADE,63896,0.006
2026-08-03 23:28:46,BTCUSDT,BINANCE,TRADE,63896,9e-05
2026-08-03 23:28:46,BTCUSDT,BINANCE,TRADE,63896,9e-05
2026-08-03 23:28:46,BTCUSDT,BINANCE,TRADE,63896,9e-05
2026-08-03 23:28:46,BTCUSDT,BINANCE,TRADE,63896,8e-05
2026-08-03 23:28:46,BTCUSDT,BINANCE,TRADE,63896,9e-05
2026-08-03 23:28:46,BTCUSDT,BINANCE,TRADE,63896,9e-05
2026-08-03 23:28:46,BTCUSDT,BINANCE,TRADE,63896,9e-05
2026-08-03 23:28:46,BTCUSDT,BINANCE,TRADE,63896,9e-05
2026-08-03 23:28:46,BTCUSDT,BINANCE,TRADE,63896,9e-05
2026-08-03 23:28:46,BTCUSDT,BINANCE,TRADE,63896,9e-05
2026-08-03 23:28:46,BTCUSDT,BINANCE,TRADE,63896,9e-05
2026-08-03 23:28:46,BTCUSDT,BINANCE,TRADE,63896,9e-05
2026-08-03 23:28:46,BTCUSDT,BINANCE,TRADE,63896,9e-05
2026-08-03 23:28:46,BTCUSDT,BINANCE,TRADE,63896,8e-05
2026-08-03 23:28:46,BTCUSDT,BINANCE,TRADE,63896,8e-05
2026-08-03 23:28:46,BTCUSDT,BINANCE,TRADE,63896,9e-05
2026-08-03 23:28:46,BTCUSDT,BINANCE,TRADE,63896,0.00048
2026-08-03 23:28:46,BTCUSDT,BINANCE,TRADE,63896,0.0007
2026-08-03 23:28:46,BTCUSDT,BINANCE,TRADE,63896,0.0035
2026-08-03 23:28:46,BTCUSDT,BINANCE,TRADE,63896,8e-05
2026-08-03 23:28:46,BTCUSDT,BINANCE,TRADE,63896,8e-05
2026-08-03 23:28:46,BTCUSDT,BINANCE,TRADE,63896,8e-05
2026-08-03 23:28:46,BTCUSDT,BINANCE,TRADE,63896,8e-05
2026-08-03 23:28:46,BTCUSDT,BINANCE,TRADE,63896,9e-05
2026-08-03 23:28:46,BTCUSDT,BINANCE,TRADE,63896,9e-05
2026-08-03 23:28:46,BTCUSDT,BINANCE,TRADE,63896,9e-05
2026-08-03 23:28:46,BTCUSDT,BINANCE,TRADE,63896,9e-05
2026-08-03 23:28:46,BTCUSDT,BINANCE,TRADE,63896,9e-05
2026-08-03 23:28:46,BTCUSDT,BINANCE,TRADE,63896,9e-05
2026-08-03 23:28:46,BTCUSDT,BINANCE,TRADE,63896,9e-05
2026-08-03 23:28:46,BTCUSDT,BINANCE,TRADE,63896,9e-05
2026-08-03 23:28:46,BTCUSDT,BINANCE,TRADE,63896,9e-05
2026-08-03 23:28:46,BTCUSDT,BINANCE,TRADE,63895.8,9e-05
2026-08-03 23:28:46,BTCUSDT,BINANCE,TRADE,63895.8,9e-05
2026-08-03 23:28:46,BTCUSDT,BINANCE,TRADE,63895.8,9e-05
2026-08-03 23:28:46,BTCUSDT,BINANCE,TRADE,63895.8,0.0169
2026-08-03 23:28:46,BTCUSDT,BINANCE,TRADE,63895.8,8e-05
2026-08-03 23:28:46,BTCUSDT,BINANCE,TRADE,63895.8,0.00187
2026-08-03 23:28:46,BTCUSDT,BINANCE,TRADE,63895.8,8e-05
2026-08-03 23:28:46,BTCUSDT,BINANCE,TRADE,63895.6,9e-05
2026-08-03 23:28:46,BTCUSDT,BINANCE,TRADE,63895.6,9e-05
2026-08-03 23:28:46,BTCUSDT,BINANCE,TRADE,63895.6,9e-05
2026-08-03 23:28:46,BTCUSDT,BINANCE,TRADE,63895.6,8e-05
2026-08-03 23:28:46,BTCUSDT,BINANCE,TRADE,63895.6,9e-05
2026-08-03 23:28:46,BTCUSDT,BINANCE,TRADE,63895.6,8e-05
2026-08-03 23:28:46,BTCUSDT,BINANCE,TRADE,63895.6,9e-05
2026-08-03 23:28:46,BTCUSDT,BINANCE,TRADE,63895.6,9e-05
2026-08-03 23:28:46,BTCUSDT,BINANCE,TRADE,63895.6,9e-05
2026-08-03 23:28:46,BTCUSDT,BINANCE,TRADE,63895.6,9e-05
2026-08-03 23:28:46,BTCUSDT,BINANCE,TRADE,63895.6,9e-05
2026-08-03 23:28:46,BTCUSDT,BINANCE,TRADE,63895.6,9e-05
2026-08-03 23:28:46,BTCUSDT,BINANCE,TRADE,63895.6,9e-05
2026-08-03 23:28:46,BTCUSDT,BINANCE,TRADE,63895.6,9e-05
2026-08-03 23:28:46,BTCUSDT,BINANCE,TRADE,63895.6,8e-05
2026-08-03 23:28:46,BTCUSDT,BINANCE,TRADE,63895.6,8e-05
2026-08-03 23:28:46,BTCUSDT,BINANCE,TRADE,63895.6,9e-05
2026-08-03 23:28:46,BTCUSDT,BINANCE,TRADE,63895.6,9e-05
2026-08-03 23:28:46,BTCUSDT,BINANCE,TRADE,63895.6,9e-05
2026-08-03 23:28:46,BTCUSDT,BINANCE,TRADE,63895.6,9e-05
2026-08-03 23:28:46,BTCUSDT,BINANCE,TRADE,63895.6,9e-05
2026-08-03 23:28:46,BTCUSDT,BINANCE,TRADE,63895.6,8e-05
2026-08-03 23:28:46,BTCUSDT,BINANCE,TRADE,63895.6,8e-05
2026-08-03 23:28:46,BTCUSDT,BINANCE,TRADE,63895.6,9e-05
2026-08-03 23:28:46,BTCUSDT,BINANCE,TRADE,63895.6,9e-05
2026-08-03 23:28:46,BTCUSDT,BINANCE,TRADE,63895.6,9e-05
2026-08-03 23:28:46,BTCUSDT,BINANCE,TRADE,63895.6,9e-05
2026-08-03 23:28:46,BTCUSDT,BINANCE,TRADE,63895.6,9e-05
2026-08-03 23:28:46,BTCUSDT,BINANCE,TRADE,63895.6,9e-05
2026-08-03 23:28:46,BTCUSDT,BINANCE,TRADE,63895.6,9e-05
2026-08-03 23:28:46,BTCUSDT,BINANCE,TRADE,63895.6,9e-05
2026-08-03 23:28:46,BTCUSDT,BINANCE,TRADE,63895.6,9e-05
2026-08-03 23:28:46,BTCUSDT,BINANCE,TRADE,63895.6,9e-05
2026-08-03 23:28:46,BTCUSDT,BINANCE,TRADE,63895.6,9e-05
2026-08-03 23:28:46,BTCUSDT,BINANCE,TRADE,63895.2,8e-05
2026-08-03 23:28:46,BTCUSDT,BINANCE,TRADE,63895.2,8e-05
2026-08-03 23:28:46,BTCUSDT,BINANCE,TRADE,63894.6,8e-05
2026-08-03 23:28:46,BTCUSDT,BINANCE,TRADE,63894,9e-05
2026-08-03 23:28:46,BTCUSDT,BINANCE,TRADE,63894,9e-05
2026-08-03 23:28:46,BTCUSDT,BINANCE,TRADE,63894,9e-05
2026-08-03 23:28:46,BTCUSDT,BINANCE,TRADE,63894,0.002
2026-08-03 23:28:46,BTCUSDT,BINANCE,TRADE,63894,0.005
2026-08-03 23:28:46,BTCUSDT,BINANCE,TRADE,63894,0.008
2026-08-03 23:28:46,BTCUSDT,BINANCE,TRADE,63894,0.006
2026-08-03 23:28:46,BTCUSDT,BINANCE,TRADE,63894,9e-05
2026-08-03 23:28:46,BTCUSDT,BINANCE,TRADE,63894,9e-05
2026-08-03 23:28:46,BTCUSDT,BINANCE,TRADE,63892,9e-05
2026-08-03 23:28:46,BTCUSDT,BINANCE,TRADE,63892,9e-05
2026-08-03 23:28:46,BTCUSDT,BINANCE,TRADE,63892,9e-05
2026-08-03 23:28:46,BTCUSDT,BINANCE,TRADE,63892,0.002
2026-08-03 23:28:46,BTCUSDT,BINANCE,TRADE,63892,0.005
2026-08-03 23:28:46,BTCUSDT,BINANCE,TRADE,63892,0.008
2026-08-03 23:28:46,BTCUSDT,BINANCE,TRADE,63892,0.006
2026-08-03 23:28:46,BTCUSDT,BINANCE,TRADE,63892,9e-05
2026-08-03 23:28:46,BTCUSDT,BINANCE,TRADE,63892,9e-05
2026-08-03 23:28:46,BTCUSDT,BINANCE,TRADE,63892,9e-05
2026-08-03 23:28:46,BTCUSDT,BINANCE,TRADE,63892,9e-05
2026-08-03 23:28:46,BTCUSDT,BINANCE,TRADE,63892,9e-05
2026-08-03 23:28:46,ETHUSDT,BINANCE,TRADE,1868.45,0.0032
2026-08-03 23:28:46,ETHUSDT,BINANCE,TRADE,1868.45,0.0028
2026-08-03 23:28:46,ETHUSDT,BINANCE,TRADE,1868.45,0.0028
2026-08-03 23:28:46,ETHUSDT,BINANCE,TRADE,1868.45,0.0027
2026-08-03 23:28:46,ETHUSDT,BINANCE,TRADE,1868.45,0.0028
2026-08-03 23:28:46,ETHUSDT,BINANCE,TRADE,1868.45,0.0028
2026-08-03 23:28:46,ETHUSDT,BINANCE,TRADE,1868.45,0.0028
2026-08-03 23:28:46,ETHUSDT,BINANCE,TRADE,1868.45,0.0028
2026-08-03 23:28:46,ETHUSDT,BINANCE,TRADE,1868.45,0.0028
2026-08-03 23:28:46,ETHUSDT,BINANCE,TRADE,1868.45,0.0028
2026-08-03 23:28:46,ETHUSDT,BINANCE,TRADE,1868.45,0.0032
2026-08-03 23:28:46,ETHUSDT,BINANCE,TRADE,1868.45,0.0028
2026-08-03 23:28:46,ETHUSDT,BINANCE,TRADE,1868.45,0.3609
2026-08-03 23:28:46,ETHUSDT,BINANCE,TRADE,1868.44,0.0028
2026-08-03 23:28:46,ETHUSDT,BINANCE,TRADE,1868.44,0.0028
2026-08-03 23:28:46,ETHUSDT,BINANCE,TRADE,1868.44,0.0028
2026-08-03 23:28:46,ETHUSDT,BINANCE,TRADE,1868.44,0.0028
2026-08-03 23:28:46,ETHUSDT,BINANCE,TRADE,1868.44,0.0028
2026-08-03 23:28:46,ETHUSDT,BINANCE,TRADE,1868.43,0.0029
2026-08-03 23:28:46,ETHUSDT,BINANCE,TRADE,1868.43,0.0028
2026-08-03 23:28:46,ETHUSDT,BINANCE,TRADE,1868.43,0.0029
2026-08-03 23:28:46,ETHUSDT,BINANCE,TRADE,1868.43,0.0029
2026-08-03 23:28:46,BTCUSDT,BINANCE,TRADE,63892,0.01697
2026-08-03 23:28:46,BTCUSDT,BINANCE,TRADE,63892,0.00012
2026-08-03 23:28:46,BTCUSDT,BINANCE,TRADE,63892,8e-05
2026-08-03 23:28:46,BTCUSDT,BINANCE,TRADE,63892,9e-05
2026-08-03 23:28:46,BTCUSDT,BINANCE,TRADE,63892,9e-05
2026-08-03 23:28:46,BTCUSDT,BINANCE,TRADE,63892,8e-05
2026-08-03 23:28:46,BTCUSDT,BINANCE,TRADE,63892,9e-05
2026-08-03 23:28:46,BTCUSDT,BINANCE,TRADE,63892,9e-05
2026-08-03 23:28:46,BTCUSDT,BINANCE,TRADE,63892,9e-05
2026-08-03 23:28:46,BTCUSDT,BINANCE,TRADE,63892,0.0015
2026-08-03 23:28:46,BTCUSDT,BINANCE,TRADE,63892,0.0035
2026-08-03 23:28:46,BTCUSDT,BINANCE,TRADE,63892,9e-05
2026-08-03 23:28:46,BTCUSDT,BINANCE,TRADE,63892,8e-05
2026-08-03 23:28:46,BTCUSDT,BINANCE,TRADE,63892,0.00313
2026-08-03 23:28:46,BTCUSDT,BINANCE,TRADE,63892,0.01
2026-08-03 23:28:46,BTCUSDT,BINANCE,TRADE,63892,0.003
2026-08-03 23:28:46,BTCUSDT,BINANCE,TRADE,63892,0.026
2026-08-03 23:28:46,BTCUSDT,BINANCE,TRADE,63892,0.003
2026-08-03 23:28:46,BTCUSDT,BINANCE,TRADE,63892,0.026
2026-08-03 23:28:46,BTCUSDT,BINANCE,TRADE,63892,0.01
2026-08-03 23:28:46,BTCUSDT,BINANCE,TRADE,63892,0.0141
2026-08-03 23:28:46,BTCUSDT,BINANCE,TRADE,63892,0.0119
2026-08-03 23:28:46,BTCUSDT,BINANCE,TRADE,63892,0.01
2026-08-03 23:28:46,BTCUSDT,BINANCE,TRADE,63892,0.0045
2026-08-03 23:28:46,BTCUSDT,BINANCE,TRADE,63892,9e-05
2026-08-03 23:28:46,BTCUSDT,BINANCE,TRADE,63892,0.00541
2026-08-03 23:28:46,BTCUSDT,BINANCE,TRADE,63892,0.01
2026-08-03 23:28:46,BTCUSDT,BINANCE,TRADE,63892,0.012
2026-08-03 23:28:46,BTCUSDT,BINANCE,TRADE,63892,0.01
2026-08-03 23:28:46,BTCUSDT,BINANCE,TRADE,63892,0.026
2026-08-03 23:28:46,BTCUSDT,BINANCE,TRADE,63892,0.001
2026-08-03 23:28:46,BTCUSDT,BINANCE,TRADE,63892,0.01
2026-08-03 23:28:46,BTCUSDT,BINANCE,TRADE,63892,0.01
2026-08-03 23:28:46,ETHUSDT,BINANCE,TRADE,1868.42,0.003
2026-08-03 23:28:47,ETHUSDT,BINANCE,TRADE,1868.42,0.2646
2026-08-03 23:28:47,ETHUSDT,BINANCE,TRADE,1868.42,0.1246
2026-08-03 23:28:47,ETHUSDT,BINANCE,TRADE,1868.42,0.1246
2026-08-03 23:28:47,ETHUSDT,BINANCE,TRADE,1868.42,0.1246
2026-08-03 23:28:47,ETHUSDT,BINANCE,TRADE,1868.42,0.2676
2026-08-03 23:28:47,ETHUSDT,BINANCE,TRADE,1868.42,0.0028
2026-08-03 23:28:47,ETHUSDT,BINANCE,TRADE,1868.42,0.0027
2026-08-03 23:28:47,ETHUSDT,BINANCE,TRADE,1868.42,0.0028
2026-08-03 23:28:47,ETHUSDT,BINANCE,TRADE,1868.42,0.0027
2026-08-03 23:28:47,ETHUSDT,BINANCE,TRADE,1868.42,0.0028
2026-08-03 23:28:47,ETHUSDT,BINANCE,TRADE,1868.42,0.3442
2026-08-03 23:28:47,ETHUSDT,BINANCE,TRADE,1868.42,0.0032
2026-08-03 23:28:47,ETHUSDT,BINANCE,TRADE,1868.42,0.0114
2026-08-03 23:28:47,ETHUSDT,BINANCE,TRADE,1868.42,2.7826
2026-08-03 23:28:47,ETHUSDT,BINANCE,TRADE,1868.42,0.0027
2026-08-03 23:28:47,ETHUSDT,BINANCE,TRADE,1868.42,0.1246
2026-08-03 23:28:47,ETHUSDT,BINANCE,TRADE,1868.42,0.1246
2026-08-03 23:28:47,ETHUSDT,BINANCE,TRADE,1868.42,0.1246
2026-08-03 23:28:47,ETHUSDT,BINANCE,TRADE,1868.42,0.0028
2026-08-03 23:28:47,ETHUSDT,BINANCE,TRADE,1868.42,0.0028
2026-08-03 23:28:47,ETHUSDT,BINANCE,TRADE,1868.42,0.0032
2026-08-03 23:28:47,ETHUSDT,BINANCE,TRADE,1868.42,0.0028
2026-08-03 23:28:47,ETHUSDT,BINANCE,TRADE,1868.42,0.0028
2026-08-03 23:28:47,ETHUSDT,BINANCE,TRADE,1868.42,0.0032
2026-08-03 23:28:47,ETHUSDT,BINANCE,TRADE,1868.42,0.1246
2026-08-03 23:28:47,ETHUSDT,BINANCE,TRADE,1868.42,0.1246
2026-08-03 23:28:47,ETHUSDT,BINANCE,TRADE,1868.42,0.1246
2026-08-03 23:28:47,ETHUSDT,BINANCE,TRADE,1868.42,0.1246
2026-08-03 23:28:47,ETHUSDT,BINANCE,TRADE,1868.42,0.1246
2026-08-03 23:28:47,ETHUSDT,BINANCE,TRADE,1868.42,0.1246
2026-08-03 23:28:47,ETHUSDT,BINANCE,TRADE,1868.42,0.1246
2026-08-03 23:28:47,ETHUSDT,BINANCE,TRADE,1868.42,0.1246
2026-08-03 23:28:47,ETHUSDT,BINANCE,TRADE,1868.42,0.1246
2026-08-03 23:28:47,ETHUSDT,BINANCE,TRADE,1868.42,0.0017
2026-08-03 23:28:47,ETHUSDT,BINANCE,TRADE,1868.42,0.1246
2026-08-03 23:28:47,ETHUSDT,BINANCE,TRADE,1868.42,0.0806
2026-08-03 23:28:47,ETHUSDT,BINANCE,TRADE,1868.42,0.1246
2026-08-03 23:28:47,ETHUSDT,BINANCE,TRADE,1868.42,0.1246
2026-08-03 23:28:47,ETHUSDT,BINANCE,TRADE,1868.42,0.1246
2026-08-03 23:28:47,ETHUSDT,BINANCE,TRADE,1868.42,0.1246
2026-08-03 23:28:47,ETHUSDT,BINANCE,TRADE,1868.42,0.1246
2026-08-03 23:28:47,ETHUSDT,BINANCE,TRADE,1868.42,0.1246
2026-08-03 23:28:47,ETHUSDT,BINANCE,TRADE,1868.42,0.0368
2026-08-03 23:28:47,ETHUSDT,BINANCE,TRADE,1868.41,0.0028
2026-08-03 23:28:47,ETHUSDT,BINANCE,TRADE,1868.41,0.0028
2026-08-03 23:28:47,ETHUSDT,BINANCE,TRADE,1868.41,0.0028
2026-08-03 23:28:47,ETHUSDT,BINANCE,TRADE,1868.4,0.0027
2026-08-03 23:28:47,ETHUSDT,BINANCE,TRADE,1868.4,0.0028
2026-08-03 23:28:47,ETHUSDT,BINANCE,TRADE,1868.39,0.0027
2026-08-03 23:28:47,ETHUSDT,BINANCE,TRADE,1868.39,0.0028
2026-08-03 23:28:47,ETHUSDT,BINANCE,TRADE,1868.38,0.0028
2026-08-03 23:28:47,ETHUSDT,BINANCE,TRADE,1868.37,0.0028
2026-08-03 23:28:47,ETHUSDT,BINANCE,TRADE,1868.36,0.0028
2026-08-03 23:28:47,ETHUSDT,BINANCE,TRADE,1868.36,0.0028
2026-08-03 23:28:47,ETHUSDT,BINANCE,TRADE,1868.35,0.003
2026-08-03 23:28:47,ETHUSDT,BINANCE,TRADE,1868.35,0.0028
2026-08-03 23:28:47,ETHUSDT,BINANCE,TRADE,1868.34,0.0028
2026-08-03 23:28:47,ETHUSDT,BINANCE,TRADE,1868.34,0.0029
2026-08-03 23:28:47,ETHUSDT,BINANCE,TRADE,1868.34,0.0029
2026-08-03 23:28:47,ETHUSDT,BINANCE,TRADE,1868.34,0.0029
2026-08-03 23:28:47,BTCUSDT,BINANCE,TRADE,63892,8e-05
2026-08-03 23:28:47,BTCUSDT,BINANCE,TRADE,63892,0.00023
2026-08-03 23:28:47,ETHUSDT,BINANCE,TRADE,1868.34,1.9732
2026-08-03 23:28:47,ETHUSDT,BINANCE,TRADE,1868.34,6.7707
2026-08-03 23:28:47,ETHUSDT,BINANCE,TRADE,1868.34,1.2958
2026-08-03 23:28:48,ETHUSDT,BINANCE,TRADE,1868.34,0.0106
2026-08-03 23:28:48,BTCUSDT,BINANCE,TRADE,63892,0.00273
2026-08-03 23:28:48,ETHUSDT,BINANCE,TRADE,1868.33,0.0028
2026-08-03 23:28:48,ETHUSDT,BINANCE,TRADE,1868.33,0.0027
2026-08-03 23:28:48,ETHUSDT,BINANCE,TRADE,1868.33,0.0014
2026-08-03 23:28:48,ETHUSDT,BINANCE,TRADE,1868.33,0.0014
2026-08-03 23:28:48,ETHUSDT,BINANCE,TRADE,1868.33,0.0058
2026-08-03 23:28:48,ETHUSDT,BINANCE,TRADE,1868.34,0.0044
2026-08-03 23:28:48,BTCUSDT,BINANCE,TRADE,63892,0.00106
2026-08-03 23:28:48,ETHUSDT,BINANCE,TRADE,1868.33,0.012
2026-08-03 23:28:49,SOLUSDT,BINANCE,TRADE,73.7,0.136
2026-08-03 23:28:49,ETHUSDT,BINANCE,TRADE,1868.33,0.0067
2026-08-03 23:28:50,SOLUSDT,BINANCE,TRADE,73.69,2.14
2026-08-03 23:28:50,ETHUSDT,BINANCE,TRADE,1868.34,0.0067
2026-08-03 23:28:51,SOLUSDT,BINANCE,TRADE,73.7,2.171
2026-08-03 23:28:52,BTCUSDT,BINANCE,TRADE,63892,0.05263
2026-08-03 23:28:52,ETHUSDT,BINANCE,TRADE,1868.34,0.0106
2026-08-03 23:28:53,ETHUSDT,BINANCE,TRADE,1868.34,0.026
2026-08-03 23:28:53,BTCUSDT,BINANCE,TRADE,63892,0.00666
2026-08-03 23:28:53,SOLUSDT,BINANCE,TRADE,73.69,0.135
2026-08-03 23:28:54,BTCUSDT,BINANCE,TRADE,63892,0.00587
2026-08-03 23:28:54,ETHUSDT,BINANCE,TRADE,1868.33,0.003
2026-08-03 23:28:54,ETHUSDT,BINANCE,TRADE,1868.33,0.0027
2026-08-03 23:28:54,ETHUSDT,BINANCE,TRADE,1868.33,0.0054
2026-08-03 23:28:54,ETHUSDT,BINANCE,TRADE,1868.33,0.0028
2026-08-03 23:28:54,ETHUSDT,BINANCE,TRADE,1868.33,0.0028
2026-08-03 23:28:54,ETHUSDT,BINANCE,TRADE,1868.33,0.0892
2026-08-03 23:28:54,ETHUSDT,BINANCE,TRADE,1868.33,0.1253
2026-08-03 23:28:54,ETHUSDT,BINANCE,TRADE,1868.33,0.0027
2026-08-03 23:28:54,ETHUSDT,BINANCE,TRADE,1868.33,0.1254
2026-08-03 23:28:54,ETHUSDT,BINANCE,TRADE,1868.33,0.1254
2026-08-03 23:28:54,ETHUSDT,BINANCE,TRADE,1868.33,0.0032
2026-08-03 23:28:54,ETHUSDT,BINANCE,TRADE,1868.33,0.0027
2026-08-03 23:28:54,ETHUSDT,BINANCE,TRADE,1868.33,0.0027
2026-08-03 23:28:54,ETHUSDT,BINANCE,TRADE,1868.33,0.0027
2026-08-03 23:28:54,ETHUSDT,BINANCE,TRADE,1868.33,0.0027
2026-08-03 23:28:54,ETHUSDT,BINANCE,TRADE,1868.33,0.0028
2026-08-03 23:28:54,ETHUSDT,BINANCE,TRADE,1868.33,0.0028
2026-08-03 23:28:54,ETHUSDT,BINANCE,TRADE,1868.33,0.0028
2026-08-03 23:28:54,ETHUSDT,BINANCE,TRADE,1868.33,0.0028
2026-08-03 23:28:54,ETHUSDT,BINANCE,TRADE,1868.33,0.0032
2026-08-03 23:28:54,ETHUSDT,BINANCE,TRADE,1868.33,0.1253
2026-08-03 23:28:54,ETHUSDT,BINANCE,TRADE,1868.33,0.1254
2026-08-03 23:28:54,ETHUSDT,BINANCE,TRADE,1868.33,0.1254
2026-08-03 23:28:54,ETHUSDT,BINANCE,TRADE,1868.33,0.1253
2026-08-03 23:28:54,ETHUSDT,BINANCE,TRADE,1868.33,0.1254
2026-08-03 23:28:54,ETHUSDT,BINANCE,TRADE,1868.33,0.1254
2026-08-03 23:28:54,ETHUSDT,BINANCE,TRADE,1868.33,0.1253
2026-08-03 23:28:54,ETHUSDT,BINANCE,TRADE,1868.33,0.1254
2026-08-03 23:28:54,ETHUSDT,BINANCE,TRADE,1868.33,0.1254
2026-08-03 23:28:54,ETHUSDT,BINANCE,TRADE,1868.33,0.1253
2026-08-03 23:28:54,ETHUSDT,BINANCE,TRADE,1868.33,0.1254
2026-08-03 23:28:54,ETHUSDT,BINANCE,TRADE,1868.33,0.1254
2026-08-03 23:28:54,ETHUSDT,BINANCE,TRADE,1868.33,0.1253
2026-08-03 23:28:54,ETHUSDT,BINANCE,TRADE,1868.33,0.1254
2026-08-03 23:28:54,ETHUSDT,BINANCE,TRADE,1868.33,0.1254
2026-08-03 23:28:54,ETHUSDT,BINANCE,TRADE,1868.33,0.1253
2026-08-03 23:28:54,ETHUSDT,BINANCE,TRADE,1868.33,0.0492
2026-08-03 23:28:54,ETHUSDT,BINANCE,TRADE,1868.33,0.1254
2026-08-03 23:28:54,ETHUSDT,BINANCE,TRADE,1868.33,0.1253
2026-08-03 23:28:54,ETHUSDT,BINANCE,TRADE,1868.33,0.0072
2026-08-03 23:28:54,ETHUSDT,BINANCE,TRADE,1868.33,0.1182
2026-08-03 23:28:54,ETHUSDT,BINANCE,TRADE,1868.33,0.1253
2026-08-03 23:28:54,ETHUSDT,BINANCE,TRADE,1868.33,0.0028
2026-08-03 23:28:54,ETHUSDT,BINANCE,TRADE,1868.33,0.0028
2026-08-03 23:28:54,ETHUSDT,BINANCE,TRADE,1868.33,0.0028
2026-08-03 23:28:54,ETHUSDT,BINANCE,TRADE,1868.33,0.0028
2026-08-03 23:28:54,ETHUSDT,BINANCE,TRADE,1868.33,0.0054
2026-08-03 23:28:54,ETHUSDT,BINANCE,TRADE,1868.33,0.0028
2026-08-03 23:28:54,ETHUSDT,BINANCE,TRADE,1868.33,0.0032
2026-08-03 23:28:54,ETHUSDT,BINANCE,TRADE,1868.33,0.0032
2026-08-03 23:28:54,ETHUSDT,BINANCE,TRADE,1868.33,0.0028
2026-08-03 23:28:54,ETHUSDT,BINANCE,TRADE,1868.33,0.0027
2026-08-03 23:28:54,ETHUSDT,BINANCE,TRADE,1868.33,0.1254
2026-08-03 23:28:54,ETHUSDT,BINANCE,TRADE,1868.33,0.1253
2026-08-03 23:28:54,ETHUSDT,BINANCE,TRADE,1868.33,0.1254
2026-08-03 23:28:54,ETHUSDT,BINANCE,TRADE,1868.33,0.1253
2026-08-03 23:28:54,ETHUSDT,BINANCE,TRADE,1868.33,0.1254
2026-08-03 23:28:54,ETHUSDT,BINANCE,TRADE,1868.33,0.1253
2026-08-03 23:28:54,ETHUSDT,BINANCE,TRADE,1868.33,0.1254
2026-08-03 23:28:54,ETHUSDT,BINANCE,TRADE,1868.33,0.1253
2026-08-03 23:28:54,ETHUSDT,BINANCE,TRADE,1868.33,0.1254
2026-08-03 23:28:54,ETHUSDT,BINANCE,TRADE,1868.33,0.1253
2026-08-03 23:28:54,ETHUSDT,BINANCE,TRADE,1868.33,0.1254
2026-08-03 23:28:54,ETHUSDT,BINANCE,TRADE,1868.33,0.1253
2026-08-03 23:28:54,ETHUSDT,BINANCE,TRADE,1868.33,0.0152
2026-08-03 23:28:54,ETHUSDT,BINANCE,TRADE,1868.33,0.1159
2026-08-03 23:28:54,ETHUSDT,BINANCE,TRADE,1868.32,0.0054
2026-08-03 23:28:54,ETHUSDT,BINANCE,TRADE,1868.32,0.0028
2026-08-03 23:28:54,ETHUSDT,BINANCE,TRADE,1868.32,0.0028
2026-08-03 23:28:54,ETHUSDT,BINANCE,TRADE,1868.32,0.0028
2026-08-03 23:28:54,ETHUSDT,BINANCE,TRADE,1868.32,0.0028
2026-08-03 23:28:54,ETHUSDT,BINANCE,TRADE,1868.31,0.0027
2026-08-03 23:28:54,ETHUSDT,BINANCE,TRADE,1868.31,0.0028
2026-08-03 23:28:54,ETHUSDT,BINANCE,TRADE,1868.31,0.0054
2026-08-03 23:28:54,ETHUSDT,BINANCE,TRADE,1868.3,0.0027
2026-08-03 23:28:54,ETHUSDT,BINANCE,TRADE,1868.3,0.0028
2026-08-03 23:28:54,ETHUSDT,BINANCE,TRADE,1868.29,0.0028
2026-08-03 23:28:54,ETHUSDT,BINANCE,TRADE,1868.28,0.0028
2026-08-03 23:28:54,ETHUSDT,BINANCE,TRADE,1868.27,0.0029
2026-08-03 23:28:54,ETHUSDT,BINANCE,TRADE,1868.27,0.0029
2026-08-03 23:28:54,ETHUSDT,BINANCE,TRADE,1868.27,0.0028
2026-08-03 23:28:54,ETHUSDT,BINANCE,TRADE,1868.27,0.0029
2026-08-03 23:28:54,ETHUSDT,BINANCE,TRADE,1868.26,0.0593
2026-08-03 23:28:54,ETHUSDT,BINANCE,TRADE,1868.26,0.0028
2026-08-03 23:28:54,ETHUSDT,BINANCE,TRADE,1868.26,0.0028
2026-08-03 23:28:54,ETHUSDT,BINANCE,TRADE,1868.26,0.0028
2026-08-03 23:28:54,ETHUSDT,BINANCE,TRADE,1868.26,0.0032
2026-08-03 23:28:54,ETHUSDT,BINANCE,TRADE,1868.26,0.0027
2026-08-03 23:28:54,ETHUSDT,BINANCE,TRADE,1868.26,0.0032
2026-08-03 23:28:54,ETHUSDT,BINANCE,TRADE,1868.26,0.0028
2026-08-03 23:28:54,ETHUSDT,BINANCE,TRADE,1868.25,0.0029
2026-08-03 23:28:54,ETHUSDT,BINANCE,TRADE,1868.25,0.0028
2026-08-03 23:28:54,ETHUSDT,BINANCE,TRADE,1868.25,0.0029
2026-08-03 23:28:54,ETHUSDT,BINANCE,TRADE,1868.25,0.0029
2026-08-03 23:28:54,ETHUSDT,BINANCE,TRADE,1868.24,0.0028
2026-08-03 23:28:54,ETHUSDT,BINANCE,TRADE,1868.24,0.0028
2026-08-03 23:28:54,ETHUSDT,BINANCE,TRADE,1868.24,0.0032
2026-08-03 23:28:54,ETHUSDT,BINANCE,TRADE,1868.24,0.0027
2026-08-03 23:28:54,ETHUSDT,BINANCE,TRADE,1868.24,0.0028
2026-08-03 23:28:54,ETHUSDT,BINANCE,TRADE,1868.24,0.0028
2026-08-03 23:28:54,ETHUSDT,BINANCE,TRADE,1868.24,0.0028
2026-08-03 23:28:54,ETHUSDT,BINANCE,TRADE,1868.24,0.0028
2026-08-03 23:28:54,ETHUSDT,BINANCE,TRADE,1868.24,0.0032
2026-08-03 23:28:54,ETHUSDT,BINANCE,TRADE,1868.24,0.0028
2026-08-03 23:28:54,ETHUSDT,BINANCE,TRADE,1868.23,0.0028
2026-08-03 23:28:54,ETHUSDT,BINANCE,TRADE,1868.23,0.0028
2026-08-03 23:28:54,ETHUSDT,BINANCE,TRADE,1868.23,0.0028
2026-08-03 23:28:54,ETHUSDT,BINANCE,TRADE,1868.23,0.0028
2026-08-03 23:28:54,ETHUSDT,BINANCE,TRADE,1868.22,0.0027
2026-08-03 23:28:54,ETHUSDT,BINANCE,TRADE,1868.22,0.0028
2026-08-03 23:28:54,ETHUSDT,BINANCE,TRADE,1868.21,0.0027
2026-08-03 23:28:54,ETHUSDT,BINANCE,TRADE,1868.21,0.0028
2026-08-03 23:28:54,ETHUSDT,BINANCE,TRADE,1868.2,0.0041
2026-08-03 23:28:54,ETHUSDT,BINANCE,TRADE,1868.2,0.0028
2026-08-03 23:28:54,ETHUSDT,BINANCE,TRADE,1868.18,0.0028
2026-08-03 23:28:55,BTCUSDT,BINANCE,TRADE,63892,0.00014
2026-08-03 23:28:55,BTCUSDT,BINANCE,TRADE,63892,0.0018
2026-08-03 23:28:55,BTCUSDT,BINANCE,TRADE,63892,0.00091
2026-08-03 23:28:55,SOLUSDT,BINANCE,TRADE,73.7,0.285
2026-08-03 23:28:56,BTCUSDT,BINANCE,TRADE,63892,0.00129
2026-08-03 23:28:56,ETHUSDT,BINANCE,TRADE,1868.18,0.0054
2026-08-03 23:28:56,BTCUSDT,BINANCE,TRADE,63892,0.00332
2026-08-03 23:28:57,SOLUSDT,BINANCE,TRADE,73.69,0.152
2026-08-03 23:28:57,BTCUSDT,BINANCE,TRADE,63892,9e-05
2026-08-03 23:28:57,SOLUSDT,BINANCE,TRADE,73.69,1.1
2026-08-03 23:28:57,SOLUSDT,BINANCE,TRADE,73.7,0.339
2026-08-03 23:28:58,ETHUSDT,BINANCE,TRADE,1868.17,0.0028
2026-08-03 23:28:58,ETHUSDT,BINANCE,TRADE,1868.17,0.0027
2026-08-03 23:28:58,ETHUSDT,BINANCE,TRADE,1868.17,0.0032
2026-08-03 23:28:58,ETHUSDT,BINANCE,TRADE,1868.17,0.0032
2026-08-03 23:28:58,ETHUSDT,BINANCE,TRADE,1868.17,0.0028
2026-08-03 23:28:58,ETHUSDT,BINANCE,TRADE,1868.17,0.0028
2026-08-03 23:28:58,ETHUSDT,BINANCE,TRADE,1868.17,0.0028
2026-08-03 23:28:58,ETHUSDT,BINANCE,TRADE,1868.17,0.0028
2026-08-03 23:28:58,ETHUSDT,BINANCE,TRADE,1868.17,0.0028
2026-08-03 23:28:58,ETHUSDT,BINANCE,TRADE,1868.17,0.0027
2026-08-03 23:28:58,ETHUSDT,BINANCE,TRADE,1868.17,0.0028
2026-08-03 23:28:58,ETHUSDT,BINANCE,TRADE,1868.17,0.0028
2026-08-03 23:28:58,ETHUSDT,BINANCE,TRADE,1868.17,0.0028
2026-08-03 23:28:58,ETHUSDT,BINANCE,TRADE,1868.17,0.0028
2026-08-03 23:28:58,ETHUSDT,BINANCE,TRADE,1868.17,0.0027
2026-08-03 23:28:58,ETHUSDT,BINANCE,TRADE,1868.17,0.0027
2026-08-03 23:28:58,ETHUSDT,BINANCE,TRADE,1868.17,0.0028
2026-08-03 23:28:58,ETHUSDT,BINANCE,TRADE,1868.17,0.1254
2026-08-03 23:28:58,ETHUSDT,BINANCE,TRADE,1868.17,0.0054
2026-08-03 23:28:58,ETHUSDT,BINANCE,TRADE,1868.17,0.0028
2026-08-03 23:28:58,ETHUSDT,BINANCE,TRADE,1868.17,0.1254
2026-08-03 23:28:58,ETHUSDT,BINANCE,TRADE,1868.17,0.1254
2026-08-03 23:28:58,ETHUSDT,BINANCE,TRADE,1868.17,0.1254
2026-08-03 23:28:58,ETHUSDT,BINANCE,TRADE,1868.17,0.1065
2026-08-03 23:28:58,ETHUSDT,BINANCE,TRADE,1868.16,0.0028
2026-08-03 23:28:58,ETHUSDT,BINANCE,TRADE,1868.16,0.0029
2026-08-03 23:28:58,ETHUSDT,BINANCE,TRADE,1868.16,0.0029
2026-08-03 23:28:58,ETHUSDT,BINANCE,TRADE,1868.16,0.0028
2026-08-03 23:28:58,ETHUSDT,BINANCE,TRADE,1868.16,0.0028
2026-08-03 23:28:58,ETHUSDT,BINANCE,TRADE,1868.16,0.0054
2026-08-03 23:28:58,ETHUSDT,BINANCE,TRADE,1868.16,0.0028
2026-08-03 23:28:58,ETHUSDT,BINANCE,TRADE,1868.16,0.0028
2026-08-03 23:28:58,ETHUSDT,BINANCE,TRADE,1868.16,0.0029
2026-08-03 23:28:58,BTCUSDT,BINANCE,TRADE,63892,0.00391
2026-08-03 23:28:59,BTCUSDT,BINANCE,TRADE,63892,0.00039
2026-08-03 23:29:00,ETHUSDT,BINANCE,TRADE,1868.16,0.0061
2026-08-03 23:29:00,SOLUSDT,BINANCE,TRADE,73.69,0.068
2026-08-03 23:29:00,SOLUSDT,BINANCE,TRADE,73.69,0.278
2026-08-03 23:29:00,SOLUSDT,BINANCE,TRADE,73.69,0.073
2026-08-03 23:29:00,SOLUSDT,BINANCE,TRADE,73.69,0.073
2026-08-03 23:29:00,SOLUSDT,BINANCE,TRADE,73.69,0.073
2026-08-03 23:29:00,SOLUSDT,BINANCE,TRADE,73.69,0.073
2026-08-03 23:29:00,SOLUSDT,BINANCE,TRADE,73.69,0.073
2026-08-03 23:29:00,SOLUSDT,BINANCE,TRADE,73.69,0.073
2026-08-03 23:29:00,SOLUSDT,BINANCE,TRADE,73.69,0.073
2026-08-03 23:29:00,SOLUSDT,BINANCE,TRADE,73.69,0.073
2026-08-03 23:29:00,SOLUSDT,BINANCE,TRADE,73.69,0.136
2026-08-03 23:29:00,SOLUSDT,BINANCE,TRADE,73.69,0.26
2026-08-03 23:29:00,SOLUSDT,BINANCE,TRADE,73.69,9.386
2026-08-03 23:29:00,SOLUSDT,BINANCE,TRADE,73.69,0.072
2026-08-03 23:29:00,SOLUSDT,BINANCE,TRADE,73.69,0.339
2026-08-03 23:29:00,SOLUSDT,BINANCE,TRADE,73.69,0.105
2026-08-03 23:29:00,SOLUSDT,BINANCE,TRADE,73.69,0.073
2026-08-03 23:29:00,SOLUSDT,BINANCE,TRADE,73.69,0.073
2026-08-03 23:29:00,SOLUSDT,BINANCE,TRADE,73.68,0.278
2026-08-03 23:29:00,SOLUSDT,BINANCE,TRADE,73.68,0.136
2026-08-03 23:29:00,SOLUSDT,BINANCE,TRADE,73.68,0.068
2026-08-03 23:29:00,SOLUSDT,BINANCE,TRADE,73.68,0.073
2026-08-03 23:29:00,SOLUSDT,BINANCE,TRADE,73.68,0.073
2026-08-03 23:29:00,SOLUSDT,BINANCE,TRADE,73.68,0.069
2026-08-03 23:29:00,SOLUSDT,BINANCE,TRADE,73.68,0.075
2026-08-03 23:29:00,SOLUSDT,BINANCE,TRADE,73.68,0.15
2026-08-03 23:29:00,SOLUSDT,BINANCE,TRADE,73.68,0.078
2026-08-03 23:29:00,ETHUSDT,BINANCE,TRADE,1868.15,0.008
2026-08-03 23:29:00,ETHUSDT,BINANCE,TRADE,1868.15,0.0028
2026-08-03 23:29:00,ETHUSDT,BINANCE,TRADE,1868.15,0.0054
2026-08-03 23:29:00,ETHUSDT,BINANCE,TRADE,1868.15,0.0027
2026-08-03 23:29:00,ETHUSDT,BINANCE,TRADE,1868.15,0.0027
2026-08-03 23:29:00,ETHUSDT,BINANCE,TRADE,1868.15,0.0028
2026-08-03 23:29:00,ETHUSDT,BINANCE,TRADE,1868.15,0.0027
2026-08-03 23:29:00,ETHUSDT,BINANCE,TRADE,1868.15,0.0027
2026-08-03 23:29:00,ETHUSDT,BINANCE,TRADE,1868.15,0.0027
2026-08-03 23:29:00,ETHUSDT,BINANCE,TRADE,1868.15,0.0028
2026-08-03 23:29:00,ETHUSDT,BINANCE,TRADE,1868.15,0.0028
2026-08-03 23:29:00,ETHUSDT,BINANCE,TRADE,1868.15,0.0892
2026-08-03 23:29:00,ETHUSDT,BINANCE,TRADE,1868.15,0.0028
2026-08-03 23:29:00,ETHUSDT,BINANCE,TRADE,1868.15,0.0028
2026-08-03 23:29:00,ETHUSDT,BINANCE,TRADE,1868.15,0.0028
2026-08-03 23:29:00,ETHUSDT,BINANCE,TRADE,1868.15,0.0028
2026-08-03 23:29:00,ETHUSDT,BINANCE,TRADE,1868.15,0.0032
2026-08-03 23:29:00,ETHUSDT,BINANCE,TRADE,1868.15,0.0032
2026-08-03 23:29:00,ETHUSDT,BINANCE,TRADE,1868.14,0.0028
2026-08-03 23:29:00,ETHUSDT,BINANCE,TRADE,1868.14,0.0028
2026-08-03 23:29:00,ETHUSDT,BINANCE,TRADE,1868.14,0.0028
2026-08-03 23:29:00,ETHUSDT,BINANCE,TRADE,1868.14,0.0054
2026-08-03 23:29:00,ETHUSDT,BINANCE,TRADE,1868.14,0.0028
2026-08-03 23:29:00,ETHUSDT,BINANCE,TRADE,1868.13,0.0027
2026-08-03 23:29:00,ETHUSDT,BINANCE,TRADE,1868.13,0.003
2026-08-03 23:29:00,ETHUSDT,BINANCE,TRADE,1868.13,0.0027
2026-08-03 23:29:00,ETHUSDT,BINANCE,TRADE,1868.13,0.0028
2026-08-03 23:29:00,ETHUSDT,BINANCE,TRADE,1868.13,0.0054
2026-08-03 23:29:00,ETHUSDT,BINANCE,TRADE,1868.12,0.0028
2026-08-03 23:29:00,ETHUSDT,BINANCE,TRADE,1868.12,0.0028
2026-08-03 23:29:00,ETHUSDT,BINANCE,TRADE,1868.11,0.0028
2026-08-03 23:29:00,ETHUSDT,BINANCE,TRADE,1868.1,0.0028
2026-08-03 23:29:00,ETHUSDT,BINANCE,TRADE,1868.09,0.0028
2026-08-03 23:29:00,ETHUSDT,BINANCE,TRADE,1868.09,0.0029
2026-08-03 23:29:00,ETHUSDT,BINANCE,TRADE,1868.09,0.0029
2026-08-03 23:29:00,ETHUSDT,BINANCE,TRADE,1868.09,0.0029
2026-08-03 23:29:00,SOLUSDT,BINANCE,TRADE,73.68,0.787
2026-08-03 23:29:00,SOLUSDT,BINANCE,TRADE,73.68,0.073
2026-08-03 23:29:00,SOLUSDT,BINANCE,TRADE,73.68,0.073
2026-08-03 23:29:00,SOLUSDT,BINANCE,TRADE,73.68,0.073
2026-08-03 23:29:00,SOLUSDT,BINANCE,TRADE,73.68,0.073
2026-08-03 23:29:00,SOLUSDT,BINANCE,TRADE,73.68,0.072
2026-08-03 23:29:00,SOLUSDT,BINANCE,TRADE,73.68,3.801
2026-08-03 23:29:00,SOLUSDT,BINANCE,TRADE,73.68,0.072
2026-08-03 23:29:00,SOLUSDT,BINANCE,TRADE,73.68,0.073
2026-08-03 23:29:00,SOLUSDT,BINANCE,TRADE,73.68,0.073
2026-08-03 23:29:00,SOLUSDT,BINANCE,TRADE,73.68,0.068
2026-08-03 23:29:00,SOLUSDT,BINANCE,TRADE,73.68,0.073
2026-08-03 23:29:00,SOLUSDT,BINANCE,TRADE,73.68,0.073
2026-08-03 23:29:00,SOLUSDT,BINANCE,TRADE,73.68,0.072
2026-08-03 23:29:00,SOLUSDT,BINANCE,TRADE,73.68,0.073
2026-08-03 23:29:00,SOLUSDT,BINANCE,TRADE,73.68,0.073
2026-08-03 23:29:00,ETHUSDT,BINANCE,TRADE,1868.08,0.0029
2026-08-03 23:29:00,ETHUSDT,BINANCE,TRADE,1868.08,0.0029
2026-08-03 23:29:00,ETHUSDT,BINANCE,TRADE,1868.08,0.0008
2026-08-03 23:29:00,ETHUSDT,BINANCE,TRADE,1868.08,0.002
2026-08-03 23:29:00,ETHUSDT,BINANCE,TRADE,1868.08,0.0027
2026-08-03 23:29:00,ETHUSDT,BINANCE,TRADE,1868.08,0.0028
2026-08-03 23:29:00,ETHUSDT,BINANCE,TRADE,1868.08,0.0028
2026-08-03 23:29:00,ETHUSDT,BINANCE,TRADE,1868.08,0.0028
2026-08-03 23:29:00,ETHUSDT,BINANCE,TRADE,1868.08,0.0032
2026-08-03 23:29:00,ETHUSDT,BINANCE,TRADE,1868.08,0.0028
2026-08-03 23:29:00,ETHUSDT,BINANCE,TRADE,1868.08,0.0032
2026-08-03 23:29:00,ETHUSDT,BINANCE,TRADE,1868.08,0.0028
2026-08-03 23:29:00,ETHUSDT,BINANCE,TRADE,1868.08,0.0028
2026-08-03 23:29:00,ETHUSDT,BINANCE,TRADE,1868.07,0.0028
2026-08-03 23:29:00,ETHUSDT,BINANCE,TRADE,1868.07,0.0028
2026-08-03 23:29:00,ETHUSDT,BINANCE,TRADE,1868.07,0.0028
2026-08-03 23:29:00,ETHUSDT,BINANCE,TRADE,1868.07,0.0028
2026-08-03 23:29:00,ETHUSDT,BINANCE,TRADE,1868.06,0.0028
2026-08-03 23:29:00,ETHUSDT,BINANCE,TRADE,1868.05,0.0028
2026-08-03 23:29:00,ETHUSDT,BINANCE,TRADE,1868.04,0.0027
2026-08-03 23:29:00,ETHUSDT,BINANCE,TRADE,1868.04,0.0027
2026-08-03 23:29:00,ETHUSDT,BINANCE,TRADE,1868.04,0.0028
2026-08-03 23:29:00,ETHUSDT,BINANCE,TRADE,1868.03,0.0028
2026-08-03 23:29:00,ETHUSDT,BINANCE,TRADE,1868.02,0.0041
2026-08-03 23:29:00,ETHUSDT,BINANCE,TRADE,1868.02,0.0028
2026-08-03 23:29:00,ETHUSDT,BINANCE,TRADE,1868.01,0.0028
2026-08-03 23:29:00,ETHUSDT,BINANCE,TRADE,1868,0.0576
2026-08-03 23:29:00,ETHUSDT,BINANCE,TRADE,1868,0.0029
2026-08-03 23:29:00,ETHUSDT,BINANCE,TRADE,1868,0.0029
2026-08-03 23:29:00,ETHUSDT,BINANCE,TRADE,1868,0.0028
2026-08-03 23:29:00,ETHUSDT,BINANCE,TRADE,1868,0.0029
2026-08-03 23:29:00,SOLUSDT,BINANCE,TRADE,73.68,0.105
2026-08-03 23:29:01,ETHUSDT,BINANCE,TRADE,1867.99,0.0028
2026-08-03 23:29:01,ETHUSDT,BINANCE,TRADE,1867.99,0.0002
2026-08-03 23:29:01,ETHUSDT,BINANCE,TRADE,1867.99,0.0025
2026-08-03 23:29:01,ETHUSDT,BINANCE,TRADE,1867.99,0.0028
2026-08-03 23:29:01,ETHUSDT,BINANCE,TRADE,1867.99,0.0028
2026-08-03 23:29:01,ETHUSDT,BINANCE,TRADE,1867.99,0.0028
2026-08-03 23:29:01,ETHUSDT,BINANCE,TRADE,1867.99,0.0032
2026-08-03 23:29:01,ETHUSDT,BINANCE,TRADE,1867.99,0.0032
2026-08-03 23:29:01,ETHUSDT,BINANCE,TRADE,1867.99,0.0028
2026-08-03 23:29:01,ETHUSDT,BINANCE,TRADE,1867.98,0.011
2026-08-03 23:29:01,ETHUSDT,BINANCE,TRADE,1867.98,0.0028
2026-08-03 23:29:01,ETHUSDT,BINANCE,TRADE,1867.98,0.0028
2026-08-03 23:29:01,ETHUSDT,BINANCE,TRADE,1867.98,0.0028
2026-08-03 23:29:01,ETHUSDT,BINANCE,TRADE,1867.98,0.0028
2026-08-03 23:29:01,ETHUSDT,BINANCE,TRADE,1867.97,0.0028
2026-08-03 23:29:01,ETHUSDT,BINANCE,TRADE,1867.97,0.0028
2026-08-03 23:29:01,ETHUSDT,BINANCE,TRADE,1867.96,0.0028
2026-08-03 23:29:01,ETHUSDT,BINANCE,TRADE,1867.96,1.8403
2026-08-03 23:29:01,ETHUSDT,BINANCE,TRADE,1867.96,1.8497
2026-08-03 23:29:01,ETHUSDT,BINANCE,TRADE,1867.95,0.0027
2026-08-03 23:29:01,ETHUSDT,BINANCE,TRADE,1867.95,0.0027
2026-08-03 23:29:01,ETHUSDT,BINANCE,TRADE,1867.95,0.0028
2026-08-03 23:29:01,ETHUSDT,BINANCE,TRADE,1867.94,0.0029
2026-08-03 23:29:01,ETHUSDT,BINANCE,TRADE,1867.94,0.0029
2026-08-03 23:29:01,ETHUSDT,BINANCE,TRADE,1867.94,0.0028
2026-08-03 23:29:01,ETHUSDT,BINANCE,TRADE,1867.94,0.0029
2026-08-03 23:29:01,BTCUSDT,BINANCE,TRADE,63892,0.02019
2026-08-03 23:29:01,BTCUSDT,BINANCE,TRADE,63892,0.00011
2026-08-03 23:29:01,BTCUSDT,BINANCE,TRADE,63892,0.00022
2026-08-03 23:29:01,ETHUSDT,BINANCE,TRADE,1867.94,0.0092
2026-08-03 23:29:01,ETHUSDT,BINANCE,TRADE,1867.93,0.003
2026-08-03 23:29:01,ETHUSDT,BINANCE,TRADE,1867.93,0.2646
2026-08-03 23:29:01,ETHUSDT,BINANCE,TRADE,1867.93,0.0028
2026-08-03 23:29:01,ETHUSDT,BINANCE,TRADE,1867.93,0.0027
2026-08-03 23:29:01,ETHUSDT,BINANCE,TRADE,1867.93,0.0028
2026-08-03 23:29:01,ETHUSDT,BINANCE,TRADE,1867.93,0.0054
2026-08-03 23:29:01,ETHUSDT,BINANCE,TRADE,1867.93,0.0027
2026-08-03 23:29:01,ETHUSDT,BINANCE,TRADE,1867.93,0.0028
2026-08-03 23:29:01,ETHUSDT,BINANCE,TRADE,1867.93,0.0028
2026-08-03 23:29:01,ETHUSDT,BINANCE,TRADE,1867.93,0.0032
2026-08-03 23:29:01,ETHUSDT,BINANCE,TRADE,1867.93,0.0032
2026-08-03 23:29:01,ETHUSDT,BINANCE,TRADE,1867.93,0.0028
2026-08-03 23:29:01,ETHUSDT,BINANCE,TRADE,1867.93,0.0028
2026-08-03 23:29:01,ETHUSDT,BINANCE,TRADE,1867.92,0.0028
2026-08-03 23:29:01,ETHUSDT,BINANCE,TRADE,1867.92,0.0054
2026-08-03 23:29:01,ETHUSDT,BINANCE,TRADE,1867.92,0.0028
2026-08-03 23:29:01,ETHUSDT,BINANCE,TRADE,1867.92,0.0028
2026-08-03 23:29:01,ETHUSDT,BINANCE,TRADE,1867.92,0.0028
2026-08-03 23:29:01,ETHUSDT,BINANCE,TRADE,1867.91,0.003
2026-08-03 23:29:01,ETHUSDT,BINANCE,TRADE,1867.91,0.0028
2026-08-03 23:29:01,ETHUSDT,BINANCE,TRADE,1867.91,0.0054
2026-08-03 23:29:01,ETHUSDT,BINANCE,TRADE,1867.9,0.0214
2026-08-03 23:29:01,ETHUSDT,BINANCE,TRADE,1867.9,0.0028
2026-08-03 23:29:01,ETHUSDT,BINANCE,TRADE,1867.9,0.0029
2026-08-03 23:29:01,ETHUSDT,BINANCE,TRADE,1867.9,0.0029
2026-08-03 23:29:01,ETHUSDT,BINANCE,TRADE,1867.9,0.0029
2026-08-03 23:29:01,SOLUSDT,BINANCE,TRADE,73.67,3.898
2026-08-03 23:29:02,ETHUSDT,BINANCE,TRADE,1867.89,0.0028
2026-08-03 23:29:02,ETHUSDT,BINANCE,TRADE,1867.89,0.0028
2026-08-03 23:29:02,ETHUSDT,BINANCE,TRADE,1867.89,0.0027
2026-08-03 23:29:02,ETHUSDT,BINANCE,TRADE,1867.89,0.0032
2026-08-03 23:29:02,ETHUSDT,BINANCE,TRADE,1867.89,0.0027
2026-08-03 23:29:02,ETHUSDT,BINANCE,TRADE,1867.89,0.0028
2026-08-03 23:29:02,ETHUSDT,BINANCE,TRADE,1867.89,0.0032
2026-08-03 23:29:02,ETHUSDT,BINANCE,TRADE,1867.89,0.0028
2026-08-03 23:29:02,ETHUSDT,BINANCE,TRADE,1867.89,0.0028
2026-08-03 23:29:02,ETHUSDT,BINANCE,TRADE,1867.88,0.0028
2026-08-03 23:29:02,ETHUSDT,BINANCE,TRADE,1867.88,0.0028
2026-08-03 23:29:02,ETHUSDT,BINANCE,TRADE,1867.88,0.0028
2026-08-03 23:29:02,ETHUSDT,BINANCE,TRADE,1867.88,0.0028
2026-08-03 23:29:02,ETHUSDT,BINANCE,TRADE,1867.86,0.0027
2026-08-03 23:29:02,ETHUSDT,BINANCE,TRADE,1867.86,0.0027
2026-08-03 23:29:02,ETHUSDT,BINANCE,TRADE,1867.86,0.0028
2026-08-03 23:29:02,ETHUSDT,BINANCE,TRADE,1867.85,0.0028
2026-08-03 23:29:02,ETHUSDT,BINANCE,TRADE,1867.84,0.0041
2026-08-03 23:29:02,ETHUSDT,BINANCE,TRADE,1867.84,0.0028
2026-08-03 23:29:02,ETHUSDT,BINANCE,TRADE,1867.83,0.0029
2026-08-03 23:29:02,ETHUSDT,BINANCE,TRADE,1867.83,0.0029
2026-08-03 23:29:02,ETHUSDT,BINANCE,TRADE,1867.83,0.0028
2026-08-03 23:29:02,ETHUSDT,BINANCE,TRADE,1867.83,0.0029
2026-08-03 23:29:02,BTCUSDT,BINANCE,TRADE,63892,0.00036
2026-08-03 23:29:02,BTCUSDT,BINANCE,TRADE,63892,0.0001
2026-08-03 23:29:02,BTCUSDT,BINANCE,TRADE,63892,0.08
2026-08-03 23:29:02,BTCUSDT,BINANCE,TRADE,63892,0.01
2026-08-03 23:29:02,BTCUSDT,BINANCE,TRADE,63892,0.04
2026-08-03 23:29:02,ETHUSDT,BINANCE,TRADE,1867.82,0.008
2026-08-03 23:29:02